dataset_source,model_key,model_random_seed,baseline_model_key,baseline_random_seed,track,reporting_phase,model_success_observation_count,baseline_success_observation_count,paired_observation_count,paired_count,model_mae,baseline_mae,mae_difference,relative_mae_improvement_pct,ci_95_lower,ci_95_upper,comparison_status,comparison_reason,significance_status,comparison_method,bootstrap_samples,minimum_paired_observations
bdg2,catboost,17,deterministic_baseline,0.0,seen_entity,H00,5958,0,0,0,,,,,,,NO_COMMON_COHORT,baseline has no successful predictions,NOT_TESTED,paired_observation_bootstrap_mean_absolute_error,1000,30
bdg2,catboost,29,deterministic_baseline,0.0,seen_entity,H00,5958,0,0,0,,,,,,,NO_COMMON_COHORT,baseline has no successful predictions,NOT_TESTED,paired_observation_bootstrap_mean_absolute_error,1000,30
bdg2,catboost,43,deterministic_baseline,0.0,seen_entity,H00,5958,0,0,0,,,,,,,NO_COMMON_COHORT,baseline has no successful predictions,NOT_TESTED,paired_observation_bootstrap_mean_absolute_error,1000,30
bdg2,catboost,17,deterministic_baseline,0.0,seen_entity,H01_02,312,312,312,312,19809.82134535457,9647.136059935898,10162.68528541867,-105.34406503940403,6907.089688527121,14567.191068575336,OK,paired cohort meets minimum sample count,BASELINE_LOWER_MAE,paired_observation_bootstrap_mean_absolute_error,1000,30
bdg2,catboost,29,deterministic_baseline,0.0,seen_entity,H01_02,312,312,312,312,19664.348546764737,9647.136059935898,10017.21248682884,-103.83612737079402,6718.897209622018,14149.706271777108,OK,paired cohort meets minimum sample count,BASELINE_LOWER_MAE,paired_observation_bootstrap_mean_absolute_error,1000,30
bdg2,catboost,43,deterministic_baseline,0.0,seen_entity,H01_02,312,312,312,312,19696.8828011024,9647.136059935898,10049.746741166504,-104.17336999011167,6687.674698144852,14899.367153904032,OK,paired cohort meets minimum sample count,BASELINE_LOWER_MAE,paired_observation_bootstrap_mean_absolute_error,1000,30
bdg2,catboost,17,deterministic_baseline,0.0,seen_entity,H03_05,308,308,308,308,16997.946926112043,11202.79594935065,5795.1509767613925,-51.7295057676856,2662.603945126487,9028.138816982382,OK,paired cohort meets minimum sample count,BASELINE_LOWER_MAE,paired_observation_bootstrap_mean_absolute_error,1000,30
bdg2,catboost,29,deterministic_baseline,0.0,seen_entity,H03_05,308,308,308,308,16513.761805179136,11202.79594935065,5310.9658558284855,-47.40750326829194,2535.908658613472,8212.041629494523,OK,paired cohort meets minimum sample count,BASELINE_LOWER_MAE,paired_observation_bootstrap_mean_absolute_error,1000,30
bdg2,catboost,43,deterministic_baseline,0.0,seen_entity,H03_05,308,308,308,308,16536.213698999018,11202.79594935065,5333.417749648371,-47.607916575125245,2307.762832806095,8096.047187826933,OK,paired cohort meets minimum sample count,BASELINE_LOWER_MAE,paired_observation_bootstrap_mean_absolute_error,1000,30
bdg2,catboost,17,deterministic_baseline,0.0,seen_entity,H06_12,460,460,460,460,15046.998534012548,8157.480311956524,6889.518222056026,-84.45644927831414,4307.259742466265,10005.25622939679,OK,paired cohort meets minimum sample count,BASELINE_LOWER_MAE,paired_observation_bootstrap_mean_absolute_error,1000,30
bdg2,catboost,29,deterministic_baseline,0.0,seen_entity,H06_12,460,460,460,460,15389.802013959463,8157.480311956524,7232.321702002941,-88.6587699317206,4557.971271673534,10311.497567150269,OK,paired cohort meets minimum sample count,BASELINE_LOWER_MAE,paired_observation_bootstrap_mean_absolute_error,1000,30
bdg2,catboost,43,deterministic_baseline,0.0,seen_entity,H06_12,460,460,460,460,15066.801679994785,8157.480311956524,6909.321368038262,-84.69920985173792,4234.528190667447,10169.642699096077,OK,paired cohort meets minimum sample count,BASELINE_LOWER_MAE,paired_observation_bootstrap_mean_absolute_error,1000,30
bdg2,catboost,17,deterministic_baseline,0.0,seen_entity,H13_PLUS,4902,4902,4902,4902,15552.799457706204,14235.109729885764,1317.6897278204412,-9.256617987664884,456.3854404185861,2101.8540543958316,OK,paired cohort meets minimum sample count,BASELINE_LOWER_MAE,paired_observation_bootstrap_mean_absolute_error,1000,30
bdg2,catboost,29,deterministic_baseline,0.0,seen_entity,H13_PLUS,4902,4902,4902,4902,15880.164447152949,14235.109729885764,1645.0547172671857,-11.556319188839764,860.0114982571521,2407.125737581643,OK,paired cohort meets minimum sample count,BASELINE_LOWER_MAE,paired_observation_bootstrap_mean_absolute_error,1000,30
bdg2,catboost,43,deterministic_baseline,0.0,seen_entity,H13_PLUS,4902,4902,4902,4902,15211.198646853227,14235.109729885764,976.0889169674673,-6.8569117870459575,182.5563673219683,1753.9063984495601,OK,paired cohort meets minimum sample count,BASELINE_LOWER_MAE,paired_observation_bootstrap_mean_absolute_error,1000,30
bdg2,catboost,17,deterministic_baseline,0.0,unseen_entity,H00,901,0,0,0,,,,,,,NO_COMMON_COHORT,baseline has no successful predictions,NOT_TESTED,paired_observation_bootstrap_mean_absolute_error,1000,30
bdg2,catboost,29,deterministic_baseline,0.0,unseen_entity,H00,901,0,0,0,,,,,,,NO_COMMON_COHORT,baseline has no successful predictions,NOT_TESTED,paired_observation_bootstrap_mean_absolute_error,1000,30
bdg2,catboost,43,deterministic_baseline,0.0,unseen_entity,H00,901,0,0,0,,,,,,,NO_COMMON_COHORT,baseline has no successful predictions,NOT_TESTED,paired_observation_bootstrap_mean_absolute_error,1000,30
bdg2,catboost,17,deterministic_baseline,0.0,unseen_entity,H01_02,55,55,55,55,35643.31120245313,16116.989532727273,19526.32166972585,-121.1536536030849,2830.6501961287486,42178.975611476126,OK,paired cohort meets minimum sample count,BASELINE_LOWER_MAE,paired_observation_bootstrap_mean_absolute_error,1000,30
bdg2,catboost,29,deterministic_baseline,0.0,unseen_entity,H01_02,55,55,55,55,35547.088431911194,16116.989532727273,19430.09889918393,-120.5566266561694,2687.080766859554,41929.993576526605,OK,paired cohort meets minimum sample count,BASELINE_LOWER_MAE,paired_observation_bootstrap_mean_absolute_error,1000,30
bdg2,catboost,43,deterministic_baseline,0.0,unseen_entity,H01_02,55,55,55,55,35448.635383498506,16116.989532727273,19331.64585077123,-119.9457616542857,3186.5850743456767,45530.55734639952,OK,paired cohort meets minimum sample count,BASELINE_LOWER_MAE,paired_observation_bootstrap_mean_absolute_error,1000,30
bdg2,catboost,17,deterministic_baseline,0.0,unseen_entity,H03_05,50,50,50,50,37559.57545167348,32073.608401999994,5485.967049673479,-17.104302643201823,-16806.559432863043,29942.47295899357,OK,paired cohort meets minimum sample count,NO_DETECTED_DIFFERENCE,paired_observation_bootstrap_mean_absolute_error,1000,30
bdg2,catboost,29,deterministic_baseline,0.0,unseen_entity,H03_05,50,50,50,50,38314.870989151306,32073.608401999994,6241.262587151304,-19.459184351587112,-18315.836323595235,30301.352038534103,OK,paired cohort meets minimum sample count,NO_DETECTED_DIFFERENCE,paired_observation_bootstrap_mean_absolute_error,1000,30
bdg2,catboost,43,deterministic_baseline,0.0,unseen_entity,H03_05,50,50,50,50,40538.44528768803,32073.608401999994,8464.836885688035,-26.391906952259852,-11758.762869412365,32829.61476781325,OK,paired cohort meets minimum sample count,NO_DETECTED_DIFFERENCE,paired_observation_bootstrap_mean_absolute_error,1000,30
bdg2,catboost,17,deterministic_baseline,0.0,unseen_entity,H06_12,63,63,63,63,21857.015668561846,9622.41812857143,12234.597539990418,-127.14680838554247,6926.232795715304,18179.431385005693,OK,paired cohort meets minimum sample count,BASELINE_LOWER_MAE,paired_observation_bootstrap_mean_absolute_error,1000,30
bdg2,catboost,29,deterministic_baseline,0.0,unseen_entity,H06_12,63,63,63,63,17899.94121672144,9622.41812857143,8277.523088150007,-86.02331532000173,3620.9268342009905,13925.99019586677,OK,paired cohort meets minimum sample count,BASELINE_LOWER_MAE,paired_observation_bootstrap_mean_absolute_error,1000,30
bdg2,catboost,43,deterministic_baseline,0.0,unseen_entity,H06_12,63,63,63,63,18684.420563366893,9622.41812857143,9062.00243479547,-94.17593700161557,2703.7778616453224,15471.619956673992,OK,paired cohort meets minimum sample count,BASELINE_LOWER_MAE,paired_observation_bootstrap_mean_absolute_error,1000,30
bdg2,catboost,17,deterministic_baseline,0.0,unseen_entity,H13_PLUS,735,735,735,735,19733.926311621413,16688.690645442177,3045.235666179238,-18.24730130647437,-247.9279855924241,5784.702786405792,OK,paired cohort meets minimum sample count,NO_DETECTED_DIFFERENCE,paired_observation_bootstrap_mean_absolute_error,1000,30
bdg2,catboost,29,deterministic_baseline,0.0,unseen_entity,H13_PLUS,735,735,735,735,18812.723602570477,16688.690645442177,2124.032957128299,-12.727379290887578,-939.706672581033,4864.746691549415,OK,paired cohort meets minimum sample count,NO_DETECTED_DIFFERENCE,paired_observation_bootstrap_mean_absolute_error,1000,30
bdg2,catboost,43,deterministic_baseline,0.0,unseen_entity,H13_PLUS,735,735,735,735,22241.32478644204,16688.690645442177,5552.634140999866,-33.27183815056417,2270.494073844569,8339.44893416042,OK,paired cohort meets minimum sample count,BASELINE_LOWER_MAE,paired_observation_bootstrap_mean_absolute_error,1000,30
bdg2,deepar,17,deterministic_baseline,0.0,seen_entity,H00,0,0,0,0,,,,,,,NO_COMMON_COHORT,model and baseline have no successful predictions,NOT_TESTED,paired_observation_bootstrap_mean_absolute_error,1000,30
bdg2,deepar,29,deterministic_baseline,0.0,seen_entity,H00,0,0,0,0,,,,,,,NO_COMMON_COHORT,model and baseline have no successful predictions,NOT_TESTED,paired_observation_bootstrap_mean_absolute_error,1000,30
bdg2,deepar,43,deterministic_baseline,0.0,seen_entity,H00,0,0,0,0,,,,,,,NO_COMMON_COHORT,model and baseline have no successful predictions,NOT_TESTED,paired_observation_bootstrap_mean_absolute_error,1000,30
bdg2,deepar,17,deterministic_baseline,0.0,seen_entity,H01_02,0,312,0,0,,,,,,,NO_COMMON_COHORT,model has no successful predictions,NOT_TESTED,paired_observation_bootstrap_mean_absolute_error,1000,30
bdg2,deepar,29,deterministic_baseline,0.0,seen_entity,H01_02,0,312,0,0,,,,,,,NO_COMMON_COHORT,model has no successful predictions,NOT_TESTED,paired_observation_bootstrap_mean_absolute_error,1000,30
bdg2,deepar,43,deterministic_baseline,0.0,seen_entity,H01_02,0,312,0,0,,,,,,,NO_COMMON_COHORT,model has no successful predictions,NOT_TESTED,paired_observation_bootstrap_mean_absolute_error,1000,30
bdg2,deepar,17,deterministic_baseline,0.0,seen_entity,H03_05,0,308,0,0,,,,,,,NO_COMMON_COHORT,model has no successful predictions,NOT_TESTED,paired_observation_bootstrap_mean_absolute_error,1000,30
bdg2,deepar,29,deterministic_baseline,0.0,seen_entity,H03_05,0,308,0,0,,,,,,,NO_COMMON_COHORT,model has no successful predictions,NOT_TESTED,paired_observation_bootstrap_mean_absolute_error,1000,30
bdg2,deepar,43,deterministic_baseline,0.0,seen_entity,H03_05,0,308,0,0,,,,,,,NO_COMMON_COHORT,model has no successful predictions,NOT_TESTED,paired_observation_bootstrap_mean_absolute_error,1000,30
bdg2,deepar,17,deterministic_baseline,0.0,seen_entity,H06_12,460,460,460,460,9595.110655319542,8157.480311956524,1437.6303433630217,-17.623460779376508,-1510.5449416086394,5663.504747230383,OK,paired cohort meets minimum sample count,NO_DETECTED_DIFFERENCE,paired_observation_bootstrap_mean_absolute_error,1000,30
bdg2,deepar,29,deterministic_baseline,0.0,seen_entity,H06_12,460,460,460,460,8152.485870712603,8157.480311956524,-4.994441243918466,0.06122529326366169,-2218.816829025729,3276.5862741834994,OK,paired cohort meets minimum sample count,NO_DETECTED_DIFFERENCE,paired_observation_bootstrap_mean_absolute_error,1000,30
bdg2,deepar,43,deterministic_baseline,0.0,seen_entity,H06_12,460,460,460,460,8746.741179368435,8157.480311956524,589.2608674119123,-7.223564690045574,-1774.6381238026206,4136.17718024542,OK,paired cohort meets minimum sample count,NO_DETECTED_DIFFERENCE,paired_observation_bootstrap_mean_absolute_error,1000,30
bdg2,deepar,17,deterministic_baseline,0.0,seen_entity,H13_PLUS,4902,4902,4902,4902,12907.087721371108,14235.109729885764,-1328.0220085146539,9.329201064931397,-2377.155608966118,-298.4224817866452,OK,paired cohort meets minimum sample count,MODEL_LOWER_MAE,paired_observation_bootstrap_mean_absolute_error,1000,30
bdg2,deepar,29,deterministic_baseline,0.0,seen_entity,H13_PLUS,4902,4902,4902,4902,13622.807680723306,14235.109729885764,-612.3020491624553,4.301351101473885,-1725.4895641594628,433.91922248666094,OK,paired cohort meets minimum sample count,NO_DETECTED_DIFFERENCE,paired_observation_bootstrap_mean_absolute_error,1000,30
bdg2,deepar,43,deterministic_baseline,0.0,seen_entity,H13_PLUS,4902,4902,4902,4902,13944.716601495953,14235.109729885764,-290.39312838980646,2.0399781519080804,-1378.9406077969345,710.860440941433,OK,paired cohort meets minimum sample count,NO_DETECTED_DIFFERENCE,paired_observation_bootstrap_mean_absolute_error,1000,30
bdg2,deepar,17,deterministic_baseline,0.0,unseen_entity,H00,0,0,0,0,,,,,,,NO_COMMON_COHORT,model and baseline have no successful predictions,NOT_TESTED,paired_observation_bootstrap_mean_absolute_error,1000,30
bdg2,deepar,29,deterministic_baseline,0.0,unseen_entity,H00,0,0,0,0,,,,,,,NO_COMMON_COHORT,model and baseline have no successful predictions,NOT_TESTED,paired_observation_bootstrap_mean_absolute_error,1000,30
bdg2,deepar,43,deterministic_baseline,0.0,unseen_entity,H00,0,0,0,0,,,,,,,NO_COMMON_COHORT,model and baseline have no successful predictions,NOT_TESTED,paired_observation_bootstrap_mean_absolute_error,1000,30
bdg2,deepar,17,deterministic_baseline,0.0,unseen_entity,H01_02,0,55,0,0,,,,,,,NO_COMMON_COHORT,model has no successful predictions,NOT_TESTED,paired_observation_bootstrap_mean_absolute_error,1000,30
bdg2,deepar,29,deterministic_baseline,0.0,unseen_entity,H01_02,0,55,0,0,,,,,,,NO_COMMON_COHORT,model has no successful predictions,NOT_TESTED,paired_observation_bootstrap_mean_absolute_error,1000,30
bdg2,deepar,43,deterministic_baseline,0.0,unseen_entity,H01_02,0,55,0,0,,,,,,,NO_COMMON_COHORT,model has no successful predictions,NOT_TESTED,paired_observation_bootstrap_mean_absolute_error,1000,30
bdg2,deepar,17,deterministic_baseline,0.0,unseen_entity,H03_05,0,50,0,0,,,,,,,NO_COMMON_COHORT,model has no successful predictions,NOT_TESTED,paired_observation_bootstrap_mean_absolute_error,1000,30
bdg2,deepar,29,deterministic_baseline,0.0,unseen_entity,H03_05,0,50,0,0,,,,,,,NO_COMMON_COHORT,model has no successful predictions,NOT_TESTED,paired_observation_bootstrap_mean_absolute_error,1000,30
bdg2,deepar,43,deterministic_baseline,0.0,unseen_entity,H03_05,0,50,0,0,,,,,,,NO_COMMON_COHORT,model has no successful predictions,NOT_TESTED,paired_observation_bootstrap_mean_absolute_error,1000,30
bdg2,deepar,17,deterministic_baseline,0.0,unseen_entity,H06_12,63,63,63,63,6503.414826841517,9622.41812857143,-3119.0033017299106,32.41392402673493,-8302.502697575954,805.3602653290832,OK,paired cohort meets minimum sample count,NO_DETECTED_DIFFERENCE,paired_observation_bootstrap_mean_absolute_error,1000,30
bdg2,deepar,29,deterministic_baseline,0.0,unseen_entity,H06_12,63,63,63,63,7167.490139285715,9622.41812857143,-2454.927989285715,25.51258900292852,-7060.19879723416,808.7188545036577,OK,paired cohort meets minimum sample count,NO_DETECTED_DIFFERENCE,paired_observation_bootstrap_mean_absolute_error,1000,30
bdg2,deepar,43,deterministic_baseline,0.0,unseen_entity,H06_12,63,63,63,63,7422.10672689112,9622.41812857143,-2200.3114016803083,22.866512058408894,-6773.508916105379,1113.3847130030044,OK,paired cohort meets minimum sample count,NO_DETECTED_DIFFERENCE,paired_observation_bootstrap_mean_absolute_error,1000,30
bdg2,deepar,17,deterministic_baseline,0.0,unseen_entity,H13_PLUS,735,735,735,735,13544.528560770024,16688.690645442177,-3144.1620846721535,18.840076501333254,-6706.953652104686,-72.5206553449462,OK,paired cohort meets minimum sample count,MODEL_LOWER_MAE,paired_observation_bootstrap_mean_absolute_error,1000,30
bdg2,deepar,29,deterministic_baseline,0.0,unseen_entity,H13_PLUS,735,735,735,735,15162.419834082542,16688.690645442177,-1526.270811359636,9.145539597958047,-5154.266385368803,1649.7742438082305,OK,paired cohort meets minimum sample count,NO_DETECTED_DIFFERENCE,paired_observation_bootstrap_mean_absolute_error,1000,30
bdg2,deepar,43,deterministic_baseline,0.0,unseen_entity,H13_PLUS,735,735,735,735,15250.29127460933,16688.690645442177,-1438.3993708328467,8.619006735712285,-5088.124072723359,2140.070248109571,OK,paired cohort meets minimum sample count,NO_DETECTED_DIFFERENCE,paired_observation_bootstrap_mean_absolute_error,1000,30
bdg2,gradient_boosting,17,deterministic_baseline,0.0,seen_entity,H00,5958,0,0,0,,,,,,,NO_COMMON_COHORT,baseline has no successful predictions,NOT_TESTED,paired_observation_bootstrap_mean_absolute_error,1000,30
bdg2,gradient_boosting,29,deterministic_baseline,0.0,seen_entity,H00,5958,0,0,0,,,,,,,NO_COMMON_COHORT,baseline has no successful predictions,NOT_TESTED,paired_observation_bootstrap_mean_absolute_error,1000,30
bdg2,gradient_boosting,43,deterministic_baseline,0.0,seen_entity,H00,5958,0,0,0,,,,,,,NO_COMMON_COHORT,baseline has no successful predictions,NOT_TESTED,paired_observation_bootstrap_mean_absolute_error,1000,30
bdg2,gradient_boosting,17,deterministic_baseline,0.0,seen_entity,H01_02,312,312,312,312,22198.03915302405,9647.136059935898,12550.903093088147,-130.09978313886813,10007.869829172947,15231.813695513367,OK,paired cohort meets minimum sample count,BASELINE_LOWER_MAE,paired_observation_bootstrap_mean_absolute_error,1000,30
bdg2,gradient_boosting,29,deterministic_baseline,0.0,seen_entity,H01_02,312,312,312,312,22198.03915302405,9647.136059935898,12550.903093088153,-130.09978313886813,9950.990100912131,15474.623678514374,OK,paired cohort meets minimum sample count,BASELINE_LOWER_MAE,paired_observation_bootstrap_mean_absolute_error,1000,30
bdg2,gradient_boosting,43,deterministic_baseline,0.0,seen_entity,H01_02,312,312,312,312,22198.03915302405,9647.136059935898,12550.903093088154,-130.09978313886813,10068.274822110914,15562.631080597157,OK,paired cohort meets minimum sample count,BASELINE_LOWER_MAE,paired_observation_bootstrap_mean_absolute_error,1000,30
bdg2,gradient_boosting,17,deterministic_baseline,0.0,seen_entity,H03_05,308,308,308,308,19017.392471448937,11202.79594935065,7814.596522098288,-69.7557695188695,4837.804700310711,10533.487963328666,OK,paired cohort meets minimum sample count,BASELINE_LOWER_MAE,paired_observation_bootstrap_mean_absolute_error,1000,30
bdg2,gradient_boosting,29,deterministic_baseline,0.0,seen_entity,H03_05,308,308,308,308,19017.392471448948,11202.79594935065,7814.596522098298,-69.7557695188696,4673.529520217087,10394.12071071424,OK,paired cohort meets minimum sample count,BASELINE_LOWER_MAE,paired_observation_bootstrap_mean_absolute_error,1000,30
bdg2,gradient_boosting,43,deterministic_baseline,0.0,seen_entity,H03_05,308,308,308,308,19017.392471448955,11202.79594935065,7814.596522098302,-69.75576951886966,5008.8341727149855,10608.70051844004,OK,paired cohort meets minimum sample count,BASELINE_LOWER_MAE,paired_observation_bootstrap_mean_absolute_error,1000,30
bdg2,gradient_boosting,17,deterministic_baseline,0.0,seen_entity,H06_12,460,460,460,460,17190.51867380587,8157.480311956524,9033.038361849345,-110.73319231441484,5966.135130231539,11985.490279321399,OK,paired cohort meets minimum sample count,BASELINE_LOWER_MAE,paired_observation_bootstrap_mean_absolute_error,1000,30
bdg2,gradient_boosting,29,deterministic_baseline,0.0,seen_entity,H06_12,460,460,460,460,17190.518673805873,8157.480311956524,9033.03836184935,-110.73319231441488,6092.292236036602,12036.954145437476,OK,paired cohort meets minimum sample count,BASELINE_LOWER_MAE,paired_observation_bootstrap_mean_absolute_error,1000,30
bdg2,gradient_boosting,43,deterministic_baseline,0.0,seen_entity,H06_12,460,460,460,460,17190.51867380587,8157.480311956524,9033.038361849347,-110.73319231441484,6362.956463631194,12148.549842051436,OK,paired cohort meets minimum sample count,BASELINE_LOWER_MAE,paired_observation_bootstrap_mean_absolute_error,1000,30
bdg2,gradient_boosting,17,deterministic_baseline,0.0,seen_entity,H13_PLUS,4902,4902,4902,4902,20029.835628379595,14235.109729885764,5794.725898493832,-40.70727945516394,4824.078367735461,6660.82110139327,OK,paired cohort meets minimum sample count,BASELINE_LOWER_MAE,paired_observation_bootstrap_mean_absolute_error,1000,30
bdg2,gradient_boosting,29,deterministic_baseline,0.0,seen_entity,H13_PLUS,4902,4902,4902,4902,20029.835628379595,14235.109729885764,5794.725898493835,-40.70727945516394,4822.207303096184,6737.111947727353,OK,paired cohort meets minimum sample count,BASELINE_LOWER_MAE,paired_observation_bootstrap_mean_absolute_error,1000,30
bdg2,gradient_boosting,43,deterministic_baseline,0.0,seen_entity,H13_PLUS,4902,4902,4902,4902,20036.453285383453,14235.109729885764,5801.34355549769,-40.75376773048763,4838.069830412228,6753.18806367401,OK,paired cohort meets minimum sample count,BASELINE_LOWER_MAE,paired_observation_bootstrap_mean_absolute_error,1000,30
bdg2,gradient_boosting,17,deterministic_baseline,0.0,unseen_entity,H00,901,0,0,0,,,,,,,NO_COMMON_COHORT,baseline has no successful predictions,NOT_TESTED,paired_observation_bootstrap_mean_absolute_error,1000,30
bdg2,gradient_boosting,29,deterministic_baseline,0.0,unseen_entity,H00,901,0,0,0,,,,,,,NO_COMMON_COHORT,baseline has no successful predictions,NOT_TESTED,paired_observation_bootstrap_mean_absolute_error,1000,30
bdg2,gradient_boosting,43,deterministic_baseline,0.0,unseen_entity,H00,901,0,0,0,,,,,,,NO_COMMON_COHORT,baseline has no successful predictions,NOT_TESTED,paired_observation_bootstrap_mean_absolute_error,1000,30
bdg2,gradient_boosting,17,deterministic_baseline,0.0,unseen_entity,H01_02,55,55,55,55,30796.06559165018,16116.989532727273,14679.076058922905,-91.07827506567196,5602.750137493251,24952.221386415848,OK,paired cohort meets minimum sample count,BASELINE_LOWER_MAE,paired_observation_bootstrap_mean_absolute_error,1000,30
bdg2,gradient_boosting,29,deterministic_baseline,0.0,unseen_entity,H01_02,55,55,55,55,30796.065591650186,16116.989532727273,14679.076058922912,-91.07827506567202,6566.819075138543,25546.006813653225,OK,paired cohort meets minimum sample count,BASELINE_LOWER_MAE,paired_observation_bootstrap_mean_absolute_error,1000,30
bdg2,gradient_boosting,43,deterministic_baseline,0.0,unseen_entity,H01_02,55,55,55,55,30796.06559165017,16116.989532727273,14679.076058922903,-91.07827506567192,6329.645021583937,25939.962541026172,OK,paired cohort meets minimum sample count,BASELINE_LOWER_MAE,paired_observation_bootstrap_mean_absolute_error,1000,30
bdg2,gradient_boosting,17,deterministic_baseline,0.0,unseen_entity,H03_05,50,50,50,50,38015.31480829794,32073.608401999994,5941.706406297944,-18.525219650457046,-10162.458849167262,18844.051404243957,OK,paired cohort meets minimum sample count,NO_DETECTED_DIFFERENCE,paired_observation_bootstrap_mean_absolute_error,1000,30
bdg2,gradient_boosting,29,deterministic_baseline,0.0,unseen_entity,H03_05,50,50,50,50,38015.31480829795,32073.608401999994,5941.706406297955,-18.52521965045709,-10009.67277372825,19185.60713184002,OK,paired cohort meets minimum sample count,NO_DETECTED_DIFFERENCE,paired_observation_bootstrap_mean_absolute_error,1000,30
bdg2,gradient_boosting,43,deterministic_baseline,0.0,unseen_entity,H03_05,50,50,50,50,38015.314808297946,32073.608401999994,5941.706406297952,-18.525219650457068,-10063.030958220932,19073.09835657971,OK,paired cohort meets minimum sample count,NO_DETECTED_DIFFERENCE,paired_observation_bootstrap_mean_absolute_error,1000,30
bdg2,gradient_boosting,17,deterministic_baseline,0.0,unseen_entity,H06_12,63,63,63,63,15450.797004213178,9622.41812857143,5828.378875641748,-60.57083362794011,-976.6515506357354,11063.6039807994,OK,paired cohort meets minimum sample count,NO_DETECTED_DIFFERENCE,paired_observation_bootstrap_mean_absolute_error,1000,30
bdg2,gradient_boosting,29,deterministic_baseline,0.0,unseen_entity,H06_12,63,63,63,63,15450.797004213176,9622.41812857143,5828.378875641746,-60.57083362794009,-674.4617238269374,10766.933164932769,OK,paired cohort meets minimum sample count,NO_DETECTED_DIFFERENCE,paired_observation_bootstrap_mean_absolute_error,1000,30
bdg2,gradient_boosting,43,deterministic_baseline,0.0,unseen_entity,H06_12,63,63,63,63,15450.797004213164,9622.41812857143,5828.378875641734,-60.570833627939955,-185.90266787213343,11587.971988299927,OK,paired cohort meets minimum sample count,NO_DETECTED_DIFFERENCE,paired_observation_bootstrap_mean_absolute_error,1000,30
bdg2,gradient_boosting,17,deterministic_baseline,0.0,unseen_entity,H13_PLUS,735,735,735,735,22717.218688273042,16688.690645442177,6028.528042830866,-36.123433353217,1451.847407350336,10378.636306703309,OK,paired cohort meets minimum sample count,BASELINE_LOWER_MAE,paired_observation_bootstrap_mean_absolute_error,1000,30
bdg2,gradient_boosting,29,deterministic_baseline,0.0,unseen_entity,H13_PLUS,735,735,735,735,22800.792239982115,16688.690645442177,6112.1015945399395,-36.62421291396641,1532.8353453344066,9765.793569486274,OK,paired cohort meets minimum sample count,BASELINE_LOWER_MAE,paired_observation_bootstrap_mean_absolute_error,1000,30
bdg2,gradient_boosting,43,deterministic_baseline,0.0,unseen_entity,H13_PLUS,735,735,735,735,22833.517010713324,16688.690645442177,6144.826365271148,-36.82030241808904,1886.248850017494,10066.084843740868,OK,paired cohort meets minimum sample count,BASELINE_LOWER_MAE,paired_observation_bootstrap_mean_absolute_error,1000,30
bdg2,lightgbm,17,deterministic_baseline,0.0,seen_entity,H00,5958,0,0,0,,,,,,,NO_COMMON_COHORT,baseline has no successful predictions,NOT_TESTED,paired_observation_bootstrap_mean_absolute_error,1000,30
bdg2,lightgbm,29,deterministic_baseline,0.0,seen_entity,H00,5958,0,0,0,,,,,,,NO_COMMON_COHORT,baseline has no successful predictions,NOT_TESTED,paired_observation_bootstrap_mean_absolute_error,1000,30
bdg2,lightgbm,43,deterministic_baseline,0.0,seen_entity,H00,5958,0,0,0,,,,,,,NO_COMMON_COHORT,baseline has no successful predictions,NOT_TESTED,paired_observation_bootstrap_mean_absolute_error,1000,30
bdg2,lightgbm,17,deterministic_baseline,0.0,seen_entity,H01_02,312,312,312,312,11040.147703357827,9647.136059935898,1393.0116434219292,-14.439639233523833,-423.1088295325826,3679.722509833194,OK,paired cohort meets minimum sample count,NO_DETECTED_DIFFERENCE,paired_observation_bootstrap_mean_absolute_error,1000,30
bdg2,lightgbm,29,deterministic_baseline,0.0,seen_entity,H01_02,312,312,312,312,11281.652238592478,9647.136059935898,1634.5161786565818,-16.943019861040927,-275.24177919292083,4108.504133689008,OK,paired cohort meets minimum sample count,NO_DETECTED_DIFFERENCE,paired_observation_bootstrap_mean_absolute_error,1000,30
bdg2,lightgbm,43,deterministic_baseline,0.0,seen_entity,H01_02,312,312,312,312,10928.249572359067,9647.136059935898,1281.1135124231696,-13.279728869416218,-596.1537756554758,4001.126110224202,OK,paired cohort meets minimum sample count,NO_DETECTED_DIFFERENCE,paired_observation_bootstrap_mean_absolute_error,1000,30
bdg2,lightgbm,17,deterministic_baseline,0.0,seen_entity,H03_05,308,308,308,308,9482.598983475335,11202.79594935065,-1720.196965875315,15.355068267355376,-4445.989418161964,495.47351294769857,OK,paired cohort meets minimum sample count,NO_DETECTED_DIFFERENCE,paired_observation_bootstrap_mean_absolute_error,1000,30
bdg2,lightgbm,29,deterministic_baseline,0.0,seen_entity,H03_05,308,308,308,308,9264.678220192574,11202.79594935065,-1938.117729158075,17.30030376274429,-4861.016090843469,529.7598827658693,OK,paired cohort meets minimum sample count,NO_DETECTED_DIFFERENCE,paired_observation_bootstrap_mean_absolute_error,1000,30
bdg2,lightgbm,43,deterministic_baseline,0.0,seen_entity,H03_05,308,308,308,308,9156.856026825866,11202.79594935065,-2045.939922524784,18.262761651419464,-5354.456375734904,608.0608470517544,OK,paired cohort meets minimum sample count,NO_DETECTED_DIFFERENCE,paired_observation_bootstrap_mean_absolute_error,1000,30
bdg2,lightgbm,17,deterministic_baseline,0.0,seen_entity,H06_12,460,460,460,460,8505.646390992519,8157.480311956524,348.1660790359978,-4.268059078557421,-1927.0028136050466,2791.44457449507,OK,paired cohort meets minimum sample count,NO_DETECTED_DIFFERENCE,paired_observation_bootstrap_mean_absolute_error,1000,30
bdg2,lightgbm,29,deterministic_baseline,0.0,seen_entity,H06_12,460,460,460,460,8740.843818648496,8157.480311956524,583.363506691975,-7.151270789301556,-1770.1393755945446,3667.913998826628,OK,paired cohort meets minimum sample count,NO_DETECTED_DIFFERENCE,paired_observation_bootstrap_mean_absolute_error,1000,30
bdg2,lightgbm,43,deterministic_baseline,0.0,seen_entity,H06_12,460,460,460,460,8633.98468683074,8157.480311956524,476.50437487421806,-5.8413181111304295,-1654.7638323992041,3128.80658801015,OK,paired cohort meets minimum sample count,NO_DETECTED_DIFFERENCE,paired_observation_bootstrap_mean_absolute_error,1000,30
bdg2,lightgbm,17,deterministic_baseline,0.0,seen_entity,H13_PLUS,4902,4902,4902,4902,11190.07357030012,14235.109729885764,-3045.0361595856425,21.39102695634845,-3832.671028482994,-2173.9936060918867,OK,paired cohort meets minimum sample count,MODEL_LOWER_MAE,paired_observation_bootstrap_mean_absolute_error,1000,30
bdg2,lightgbm,29,deterministic_baseline,0.0,seen_entity,H13_PLUS,4902,4902,4902,4902,11136.961892544834,14235.109729885764,-3098.147837340928,21.764130351847964,-3971.5228582789805,-2200.904832537294,OK,paired cohort meets minimum sample count,MODEL_LOWER_MAE,paired_observation_bootstrap_mean_absolute_error,1000,30
bdg2,lightgbm,43,deterministic_baseline,0.0,seen_entity,H13_PLUS,4902,4902,4902,4902,10974.538760439045,14235.109729885764,-3260.570969446716,22.905134075653415,-4032.134857167246,-2457.0975308409716,OK,paired cohort meets minimum sample count,MODEL_LOWER_MAE,paired_observation_bootstrap_mean_absolute_error,1000,30
bdg2,lightgbm,17,deterministic_baseline,0.0,unseen_entity,H00,901,0,0,0,,,,,,,NO_COMMON_COHORT,baseline has no successful predictions,NOT_TESTED,paired_observation_bootstrap_mean_absolute_error,1000,30
bdg2,lightgbm,29,deterministic_baseline,0.0,unseen_entity,H00,901,0,0,0,,,,,,,NO_COMMON_COHORT,baseline has no successful predictions,NOT_TESTED,paired_observation_bootstrap_mean_absolute_error,1000,30
bdg2,lightgbm,43,deterministic_baseline,0.0,unseen_entity,H00,901,0,0,0,,,,,,,NO_COMMON_COHORT,baseline has no successful predictions,NOT_TESTED,paired_observation_bootstrap_mean_absolute_error,1000,30
bdg2,lightgbm,17,deterministic_baseline,0.0,unseen_entity,H01_02,55,55,55,55,24395.329239846847,16116.989532727273,8278.339707119572,-51.364057104520164,-3077.262590720497,24627.620336758435,OK,paired cohort meets minimum sample count,NO_DETECTED_DIFFERENCE,paired_observation_bootstrap_mean_absolute_error,1000,30
bdg2,lightgbm,29,deterministic_baseline,0.0,unseen_entity,H01_02,55,55,55,55,22780.004163259073,16116.989532727273,6663.014630531802,-41.341558341288454,-3432.9584378224213,20410.0655159235,OK,paired cohort meets minimum sample count,NO_DETECTED_DIFFERENCE,paired_observation_bootstrap_mean_absolute_error,1000,30
bdg2,lightgbm,43,deterministic_baseline,0.0,unseen_entity,H01_02,55,55,55,55,22566.884521115328,16116.989532727273,6449.8949883880605,-40.019229244337794,-2923.4386832787113,22068.697156424543,OK,paired cohort meets minimum sample count,NO_DETECTED_DIFFERENCE,paired_observation_bootstrap_mean_absolute_error,1000,30
bdg2,lightgbm,17,deterministic_baseline,0.0,unseen_entity,H03_05,50,50,50,50,29369.372219054476,32073.608401999994,-2704.236182945524,8.431343767285293,-20755.45904337756,16739.579115993136,OK,paired cohort meets minimum sample count,NO_DETECTED_DIFFERENCE,paired_observation_bootstrap_mean_absolute_error,1000,30
bdg2,lightgbm,29,deterministic_baseline,0.0,unseen_entity,H03_05,50,50,50,50,27020.7730774168,32073.608401999994,-5052.83532458319,15.753872346549311,-25152.172468062854,12939.56393383852,OK,paired cohort meets minimum sample count,NO_DETECTED_DIFFERENCE,paired_observation_bootstrap_mean_absolute_error,1000,30
bdg2,lightgbm,43,deterministic_baseline,0.0,unseen_entity,H03_05,50,50,50,50,25349.61762279435,32073.608401999994,-6723.9907792056465,20.96424791039838,-23292.56487042932,8472.765385410657,OK,paired cohort meets minimum sample count,NO_DETECTED_DIFFERENCE,paired_observation_bootstrap_mean_absolute_error,1000,30
bdg2,lightgbm,17,deterministic_baseline,0.0,unseen_entity,H06_12,63,63,63,63,6773.917847661043,9622.41812857143,-2848.500280910386,29.602748943661656,-7123.654793084263,533.8275005056062,OK,paired cohort meets minimum sample count,NO_DETECTED_DIFFERENCE,paired_observation_bootstrap_mean_absolute_error,1000,30
bdg2,lightgbm,29,deterministic_baseline,0.0,unseen_entity,H06_12,63,63,63,63,7036.498234337281,9622.41812857143,-2585.919894234148,26.873909028707537,-6888.617932233521,764.0863963629711,OK,paired cohort meets minimum sample count,NO_DETECTED_DIFFERENCE,paired_observation_bootstrap_mean_absolute_error,1000,30
bdg2,lightgbm,43,deterministic_baseline,0.0,unseen_entity,H06_12,63,63,63,63,7196.2590130669905,9622.41812857143,-2426.1591155044384,25.213611413336423,-6589.712972758629,1040.351597443109,OK,paired cohort meets minimum sample count,NO_DETECTED_DIFFERENCE,paired_observation_bootstrap_mean_absolute_error,1000,30
bdg2,lightgbm,17,deterministic_baseline,0.0,unseen_entity,H13_PLUS,735,735,735,735,13338.239707437095,16688.690645442177,-3350.4509380050827,20.076176191330617,-6331.667096939131,-882.0216042512375,OK,paired cohort meets minimum sample count,MODEL_LOWER_MAE,paired_observation_bootstrap_mean_absolute_error,1000,30
bdg2,lightgbm,29,deterministic_baseline,0.0,unseen_entity,H13_PLUS,735,735,735,735,13135.1271549066,16688.690645442177,-3553.5634905355746,21.293243226999863,-6755.311487763765,-1219.3304682606663,OK,paired cohort meets minimum sample count,MODEL_LOWER_MAE,paired_observation_bootstrap_mean_absolute_error,1000,30
bdg2,lightgbm,43,deterministic_baseline,0.0,unseen_entity,H13_PLUS,735,735,735,735,12638.698760043819,16688.690645442177,-4049.991885398357,24.267882792257552,-6809.781427708171,-1909.8372669480148,OK,paired cohort meets minimum sample count,MODEL_LOWER_MAE,paired_observation_bootstrap_mean_absolute_error,1000,30
bdg2,nbeats,17,deterministic_baseline,0.0,seen_entity,H00,0,0,0,0,,,,,,,NO_COMMON_COHORT,model and baseline have no successful predictions,NOT_TESTED,paired_observation_bootstrap_mean_absolute_error,1000,30
bdg2,nbeats,29,deterministic_baseline,0.0,seen_entity,H00,0,0,0,0,,,,,,,NO_COMMON_COHORT,model and baseline have no successful predictions,NOT_TESTED,paired_observation_bootstrap_mean_absolute_error,1000,30
bdg2,nbeats,43,deterministic_baseline,0.0,seen_entity,H00,0,0,0,0,,,,,,,NO_COMMON_COHORT,model and baseline have no successful predictions,NOT_TESTED,paired_observation_bootstrap_mean_absolute_error,1000,30
bdg2,nbeats,17,deterministic_baseline,0.0,seen_entity,H01_02,0,312,0,0,,,,,,,NO_COMMON_COHORT,model has no successful predictions,NOT_TESTED,paired_observation_bootstrap_mean_absolute_error,1000,30
bdg2,nbeats,29,deterministic_baseline,0.0,seen_entity,H01_02,0,312,0,0,,,,,,,NO_COMMON_COHORT,model has no successful predictions,NOT_TESTED,paired_observation_bootstrap_mean_absolute_error,1000,30
bdg2,nbeats,43,deterministic_baseline,0.0,seen_entity,H01_02,0,312,0,0,,,,,,,NO_COMMON_COHORT,model has no successful predictions,NOT_TESTED,paired_observation_bootstrap_mean_absolute_error,1000,30
bdg2,nbeats,17,deterministic_baseline,0.0,seen_entity,H03_05,0,308,0,0,,,,,,,NO_COMMON_COHORT,model has no successful predictions,NOT_TESTED,paired_observation_bootstrap_mean_absolute_error,1000,30
bdg2,nbeats,29,deterministic_baseline,0.0,seen_entity,H03_05,0,308,0,0,,,,,,,NO_COMMON_COHORT,model has no successful predictions,NOT_TESTED,paired_observation_bootstrap_mean_absolute_error,1000,30
bdg2,nbeats,43,deterministic_baseline,0.0,seen_entity,H03_05,0,308,0,0,,,,,,,NO_COMMON_COHORT,model has no successful predictions,NOT_TESTED,paired_observation_bootstrap_mean_absolute_error,1000,30
bdg2,nbeats,17,deterministic_baseline,0.0,seen_entity,H06_12,460,460,460,460,6104.413677988267,8157.480311956524,-2053.0666339682552,25.167901796331037,-2880.162703120712,-1265.4940732076375,OK,paired cohort meets minimum sample count,MODEL_LOWER_MAE,paired_observation_bootstrap_mean_absolute_error,1000,30
bdg2,nbeats,29,deterministic_baseline,0.0,seen_entity,H06_12,460,460,460,460,6447.025114414273,8157.480311956524,-1710.455197542248,20.967935344388327,-2378.6128755896048,-1088.3594817466414,OK,paired cohort meets minimum sample count,MODEL_LOWER_MAE,paired_observation_bootstrap_mean_absolute_error,1000,30
bdg2,nbeats,43,deterministic_baseline,0.0,seen_entity,H06_12,460,460,460,460,5911.46486333347,8157.480311956524,-2246.015448623052,27.533200972989665,-3181.80241963757,-1415.6743427846177,OK,paired cohort meets minimum sample count,MODEL_LOWER_MAE,paired_observation_bootstrap_mean_absolute_error,1000,30
bdg2,nbeats,17,deterministic_baseline,0.0,seen_entity,H13_PLUS,4902,4902,4902,4902,9568.474764174822,14235.109729885764,-4666.63496571094,32.782571081370875,-5457.793078304464,-3963.896980392798,OK,paired cohort meets minimum sample count,MODEL_LOWER_MAE,paired_observation_bootstrap_mean_absolute_error,1000,30
bdg2,nbeats,29,deterministic_baseline,0.0,seen_entity,H13_PLUS,4902,4902,4902,4902,10202.773058076835,14235.109729885764,-4032.336671808927,28.326698903790525,-4776.884461187088,-3375.383150273629,OK,paired cohort meets minimum sample count,MODEL_LOWER_MAE,paired_observation_bootstrap_mean_absolute_error,1000,30
bdg2,nbeats,43,deterministic_baseline,0.0,seen_entity,H13_PLUS,4902,4902,4902,4902,9670.659515001818,14235.109729885764,-4564.450214883941,32.06473502133358,-5320.326623066309,-3808.642222441431,OK,paired cohort meets minimum sample count,MODEL_LOWER_MAE,paired_observation_bootstrap_mean_absolute_error,1000,30
bdg2,nbeats,17,deterministic_baseline,0.0,unseen_entity,H00,0,0,0,0,,,,,,,NO_COMMON_COHORT,model and baseline have no successful predictions,NOT_TESTED,paired_observation_bootstrap_mean_absolute_error,1000,30
bdg2,nbeats,29,deterministic_baseline,0.0,unseen_entity,H00,0,0,0,0,,,,,,,NO_COMMON_COHORT,model and baseline have no successful predictions,NOT_TESTED,paired_observation_bootstrap_mean_absolute_error,1000,30
bdg2,nbeats,43,deterministic_baseline,0.0,unseen_entity,H00,0,0,0,0,,,,,,,NO_COMMON_COHORT,model and baseline have no successful predictions,NOT_TESTED,paired_observation_bootstrap_mean_absolute_error,1000,30
bdg2,nbeats,17,deterministic_baseline,0.0,unseen_entity,H01_02,0,55,0,0,,,,,,,NO_COMMON_COHORT,model has no successful predictions,NOT_TESTED,paired_observation_bootstrap_mean_absolute_error,1000,30
bdg2,nbeats,29,deterministic_baseline,0.0,unseen_entity,H01_02,0,55,0,0,,,,,,,NO_COMMON_COHORT,model has no successful predictions,NOT_TESTED,paired_observation_bootstrap_mean_absolute_error,1000,30
bdg2,nbeats,43,deterministic_baseline,0.0,unseen_entity,H01_02,0,55,0,0,,,,,,,NO_COMMON_COHORT,model has no successful predictions,NOT_TESTED,paired_observation_bootstrap_mean_absolute_error,1000,30
bdg2,nbeats,17,deterministic_baseline,0.0,unseen_entity,H03_05,0,50,0,0,,,,,,,NO_COMMON_COHORT,model has no successful predictions,NOT_TESTED,paired_observation_bootstrap_mean_absolute_error,1000,30
bdg2,nbeats,29,deterministic_baseline,0.0,unseen_entity,H03_05,0,50,0,0,,,,,,,NO_COMMON_COHORT,model has no successful predictions,NOT_TESTED,paired_observation_bootstrap_mean_absolute_error,1000,30
bdg2,nbeats,43,deterministic_baseline,0.0,unseen_entity,H03_05,0,50,0,0,,,,,,,NO_COMMON_COHORT,model has no successful predictions,NOT_TESTED,paired_observation_bootstrap_mean_absolute_error,1000,30
bdg2,nbeats,17,deterministic_baseline,0.0,unseen_entity,H06_12,63,63,63,63,6264.10784581783,9622.41812857143,-3358.3102827535968,34.9008974447069,-7365.114541944289,-291.3298521432449,OK,paired cohort meets minimum sample count,MODEL_LOWER_MAE,paired_observation_bootstrap_mean_absolute_error,1000,30
bdg2,nbeats,29,deterministic_baseline,0.0,unseen_entity,H06_12,63,63,63,63,7329.203714880951,9622.41812857143,-2293.2144136904767,23.831997145097404,-5124.755534041961,-187.77084556764646,OK,paired cohort meets minimum sample count,MODEL_LOWER_MAE,paired_observation_bootstrap_mean_absolute_error,1000,30
bdg2,nbeats,43,deterministic_baseline,0.0,unseen_entity,H06_12,63,63,63,63,6492.664506436011,9622.41812857143,-3129.753622135417,32.52564563622918,-7344.090693058113,-261.4087775037217,OK,paired cohort meets minimum sample count,MODEL_LOWER_MAE,paired_observation_bootstrap_mean_absolute_error,1000,30
bdg2,nbeats,17,deterministic_baseline,0.0,unseen_entity,H13_PLUS,735,735,735,735,10614.610911371168,16688.690645442177,-6074.079734071009,36.39638281466912,-10186.850220235272,-3153.276201049679,OK,paired cohort meets minimum sample count,MODEL_LOWER_MAE,paired_observation_bootstrap_mean_absolute_error,1000,30
bdg2,nbeats,29,deterministic_baseline,0.0,unseen_entity,H13_PLUS,735,735,735,735,10916.37875033409,16688.690645442177,-5772.311895108086,34.58816522963444,-8974.563513092362,-3228.1741465693894,OK,paired cohort meets minimum sample count,MODEL_LOWER_MAE,paired_observation_bootstrap_mean_absolute_error,1000,30
bdg2,nbeats,43,deterministic_baseline,0.0,unseen_entity,H13_PLUS,735,735,735,735,10250.899783343904,16688.690645442177,-6437.790862098272,38.5757696566596,-10135.517913168847,-3632.686563888239,OK,paired cohort meets minimum sample count,MODEL_LOWER_MAE,paired_observation_bootstrap_mean_absolute_error,1000,30
bdg2,ridge,17,deterministic_baseline,0.0,seen_entity,H00,5958,0,0,0,,,,,,,NO_COMMON_COHORT,baseline has no successful predictions,NOT_TESTED,paired_observation_bootstrap_mean_absolute_error,1000,30
bdg2,ridge,29,deterministic_baseline,0.0,seen_entity,H00,5958,0,0,0,,,,,,,NO_COMMON_COHORT,baseline has no successful predictions,NOT_TESTED,paired_observation_bootstrap_mean_absolute_error,1000,30
bdg2,ridge,43,deterministic_baseline,0.0,seen_entity,H00,5958,0,0,0,,,,,,,NO_COMMON_COHORT,baseline has no successful predictions,NOT_TESTED,paired_observation_bootstrap_mean_absolute_error,1000,30
bdg2,ridge,17,deterministic_baseline,0.0,seen_entity,H01_02,312,312,312,312,36496.421248697465,9647.136059935898,26849.28518876157,-278.31353286562825,22220.00995365242,31702.31628248331,OK,paired cohort meets minimum sample count,BASELINE_LOWER_MAE,paired_observation_bootstrap_mean_absolute_error,1000,30
bdg2,ridge,29,deterministic_baseline,0.0,seen_entity,H01_02,312,312,312,312,36496.421248697465,9647.136059935898,26849.28518876157,-278.31353286562825,21999.214748028997,31867.223148511257,OK,paired cohort meets minimum sample count,BASELINE_LOWER_MAE,paired_observation_bootstrap_mean_absolute_error,1000,30
bdg2,ridge,43,deterministic_baseline,0.0,seen_entity,H01_02,312,312,312,312,36496.421248697465,9647.136059935898,26849.28518876157,-278.31353286562825,22460.03037093415,31898.90571990514,OK,paired cohort meets minimum sample count,BASELINE_LOWER_MAE,paired_observation_bootstrap_mean_absolute_error,1000,30
bdg2,ridge,17,deterministic_baseline,0.0,seen_entity,H03_05,308,308,308,308,28668.912929794962,11202.79594935065,17466.116980444313,-155.90855228829466,14156.25153276417,20678.724259827788,OK,paired cohort meets minimum sample count,BASELINE_LOWER_MAE,paired_observation_bootstrap_mean_absolute_error,1000,30
bdg2,ridge,29,deterministic_baseline,0.0,seen_entity,H03_05,308,308,308,308,28668.912929794962,11202.79594935065,17466.116980444313,-155.90855228829466,13972.799034696904,20908.94841201398,OK,paired cohort meets minimum sample count,BASELINE_LOWER_MAE,paired_observation_bootstrap_mean_absolute_error,1000,30
bdg2,ridge,43,deterministic_baseline,0.0,seen_entity,H03_05,308,308,308,308,28668.912929794962,11202.79594935065,17466.116980444313,-155.90855228829466,13777.391536854557,21013.78542436833,OK,paired cohort meets minimum sample count,BASELINE_LOWER_MAE,paired_observation_bootstrap_mean_absolute_error,1000,30
bdg2,ridge,17,deterministic_baseline,0.0,seen_entity,H06_12,460,460,460,460,25615.508416590368,8157.480311956524,17458.028104633846,-214.01250676689205,13794.21336665123,21926.442149226867,OK,paired cohort meets minimum sample count,BASELINE_LOWER_MAE,paired_observation_bootstrap_mean_absolute_error,1000,30
bdg2,ridge,29,deterministic_baseline,0.0,seen_entity,H06_12,460,460,460,460,25615.508416590368,8157.480311956524,17458.028104633846,-214.01250676689205,13733.44709889543,21323.98656211136,OK,paired cohort meets minimum sample count,BASELINE_LOWER_MAE,paired_observation_bootstrap_mean_absolute_error,1000,30
bdg2,ridge,43,deterministic_baseline,0.0,seen_entity,H06_12,460,460,460,460,25615.508416590368,8157.480311956524,17458.028104633846,-214.01250676689205,13760.897189343073,21519.82720018256,OK,paired cohort meets minimum sample count,BASELINE_LOWER_MAE,paired_observation_bootstrap_mean_absolute_error,1000,30
bdg2,ridge,17,deterministic_baseline,0.0,seen_entity,H13_PLUS,4902,4902,4902,4902,36025.19595285216,14235.109729885764,21790.086222966398,-153.07283636331522,20389.04172658756,23052.50586246998,OK,paired cohort meets minimum sample count,BASELINE_LOWER_MAE,paired_observation_bootstrap_mean_absolute_error,1000,30
bdg2,ridge,29,deterministic_baseline,0.0,seen_entity,H13_PLUS,4902,4902,4902,4902,36025.19595285216,14235.109729885764,21790.086222966398,-153.07283636331522,20458.0632055473,23125.07664762726,OK,paired cohort meets minimum sample count,BASELINE_LOWER_MAE,paired_observation_bootstrap_mean_absolute_error,1000,30
bdg2,ridge,43,deterministic_baseline,0.0,seen_entity,H13_PLUS,4902,4902,4902,4902,36025.19595285216,14235.109729885764,21790.086222966398,-153.07283636331522,20485.921602483086,23163.8011682315,OK,paired cohort meets minimum sample count,BASELINE_LOWER_MAE,paired_observation_bootstrap_mean_absolute_error,1000,30
bdg2,ridge,17,deterministic_baseline,0.0,unseen_entity,H00,901,0,0,0,,,,,,,NO_COMMON_COHORT,baseline has no successful predictions,NOT_TESTED,paired_observation_bootstrap_mean_absolute_error,1000,30
bdg2,ridge,29,deterministic_baseline,0.0,unseen_entity,H00,901,0,0,0,,,,,,,NO_COMMON_COHORT,baseline has no successful predictions,NOT_TESTED,paired_observation_bootstrap_mean_absolute_error,1000,30
bdg2,ridge,43,deterministic_baseline,0.0,unseen_entity,H00,901,0,0,0,,,,,,,NO_COMMON_COHORT,baseline has no successful predictions,NOT_TESTED,paired_observation_bootstrap_mean_absolute_error,1000,30
bdg2,ridge,17,deterministic_baseline,0.0,unseen_entity,H01_02,55,55,55,55,36720.07637147527,16116.989532727273,20603.086838747993,-127.83458596229289,7526.848390376129,37303.48236753966,OK,paired cohort meets minimum sample count,BASELINE_LOWER_MAE,paired_observation_bootstrap_mean_absolute_error,1000,30
bdg2,ridge,29,deterministic_baseline,0.0,unseen_entity,H01_02,55,55,55,55,36720.07637147527,16116.989532727273,20603.086838747993,-127.83458596229289,6661.633577014868,39209.16952172437,OK,paired cohort meets minimum sample count,BASELINE_LOWER_MAE,paired_observation_bootstrap_mean_absolute_error,1000,30
bdg2,ridge,43,deterministic_baseline,0.0,unseen_entity,H01_02,55,55,55,55,36720.07637147527,16116.989532727273,20603.086838747993,-127.83458596229289,7366.252685235557,38787.948049603925,OK,paired cohort meets minimum sample count,BASELINE_LOWER_MAE,paired_observation_bootstrap_mean_absolute_error,1000,30
bdg2,ridge,17,deterministic_baseline,0.0,unseen_entity,H03_05,50,50,50,50,30158.084793904167,32073.608401999994,-1915.5236080958275,5.972273478204537,-15680.698183587167,9429.161430320015,OK,paired cohort meets minimum sample count,NO_DETECTED_DIFFERENCE,paired_observation_bootstrap_mean_absolute_error,1000,30
bdg2,ridge,29,deterministic_baseline,0.0,unseen_entity,H03_05,50,50,50,50,30158.084793904167,32073.608401999994,-1915.5236080958275,5.972273478204537,-16332.775436682396,10112.92718274218,OK,paired cohort meets minimum sample count,NO_DETECTED_DIFFERENCE,paired_observation_bootstrap_mean_absolute_error,1000,30
bdg2,ridge,43,deterministic_baseline,0.0,unseen_entity,H03_05,50,50,50,50,30158.084793904167,32073.608401999994,-1915.5236080958275,5.972273478204537,-15235.974859529926,9395.911267958525,OK,paired cohort meets minimum sample count,NO_DETECTED_DIFFERENCE,paired_observation_bootstrap_mean_absolute_error,1000,30
bdg2,ridge,17,deterministic_baseline,0.0,unseen_entity,H06_12,63,63,63,63,26876.124530685476,9622.41812857143,17253.706402114047,-179.30738585224606,7950.934627361773,26325.575244009226,OK,paired cohort meets minimum sample count,BASELINE_LOWER_MAE,paired_observation_bootstrap_mean_absolute_error,1000,30
bdg2,ridge,29,deterministic_baseline,0.0,unseen_entity,H06_12,63,63,63,63,26876.124530685476,9622.41812857143,17253.706402114047,-179.30738585224606,8007.93765408473,26613.698765956236,OK,paired cohort meets minimum sample count,BASELINE_LOWER_MAE,paired_observation_bootstrap_mean_absolute_error,1000,30
bdg2,ridge,43,deterministic_baseline,0.0,unseen_entity,H06_12,63,63,63,63,26876.124530685476,9622.41812857143,17253.706402114047,-179.30738585224606,8008.718804267927,27135.142326173333,OK,paired cohort meets minimum sample count,BASELINE_LOWER_MAE,paired_observation_bootstrap_mean_absolute_error,1000,30
bdg2,ridge,17,deterministic_baseline,0.0,unseen_entity,H13_PLUS,735,735,735,735,31798.41805004317,16688.690645442177,15109.72740460099,-90.53872305271346,10914.689235402611,18932.105930794838,OK,paired cohort meets minimum sample count,BASELINE_LOWER_MAE,paired_observation_bootstrap_mean_absolute_error,1000,30
bdg2,ridge,29,deterministic_baseline,0.0,unseen_entity,H13_PLUS,735,735,735,735,31798.41805004317,16688.690645442177,15109.72740460099,-90.53872305271346,11040.646818134173,18957.961627659482,OK,paired cohort meets minimum sample count,BASELINE_LOWER_MAE,paired_observation_bootstrap_mean_absolute_error,1000,30
bdg2,ridge,43,deterministic_baseline,0.0,unseen_entity,H13_PLUS,735,735,735,735,31798.41805004317,16688.690645442177,15109.72740460099,-90.53872305271346,10982.641629134016,18763.922136484067,OK,paired cohort meets minimum sample count,BASELINE_LOWER_MAE,paired_observation_bootstrap_mean_absolute_error,1000,30
london_smartmeter,catboost,17,deterministic_baseline,0.0,seen_entity,H00,0,0,0,0,,,,,,,NO_COMMON_COHORT,model and baseline have no successful predictions,NOT_TESTED,paired_observation_bootstrap_mean_absolute_error,1000,30
london_smartmeter,catboost,29,deterministic_baseline,0.0,seen_entity,H00,0,0,0,0,,,,,,,NO_COMMON_COHORT,model and baseline have no successful predictions,NOT_TESTED,paired_observation_bootstrap_mean_absolute_error,1000,30
london_smartmeter,catboost,43,deterministic_baseline,0.0,seen_entity,H00,0,0,0,0,,,,,,,NO_COMMON_COHORT,model and baseline have no successful predictions,NOT_TESTED,paired_observation_bootstrap_mean_absolute_error,1000,30
london_smartmeter,catboost,17,deterministic_baseline,0.0,seen_entity,H01_02,88,88,88,88,44.286752690829054,57.83438636363637,-13.547633672807308,23.42487666009966,-20.54468799401297,-6.777836218156525,OK,paired cohort meets minimum sample count,MODEL_LOWER_MAE,paired_observation_bootstrap_mean_absolute_error,1000,30
london_smartmeter,catboost,29,deterministic_baseline,0.0,seen_entity,H01_02,88,88,88,88,43.68848770011278,57.83438636363637,-14.145898663523576,24.459321785798156,-21.82655127045433,-7.0242022058735625,OK,paired cohort meets minimum sample count,MODEL_LOWER_MAE,paired_observation_bootstrap_mean_absolute_error,1000,30
london_smartmeter,catboost,43,deterministic_baseline,0.0,seen_entity,H01_02,88,88,88,88,43.84881534378996,57.83438636363637,-13.985571019846416,24.182103242025406,-22.733291713420613,-6.975986145387256,OK,paired cohort meets minimum sample count,MODEL_LOWER_MAE,paired_observation_bootstrap_mean_absolute_error,1000,30
london_smartmeter,catboost,17,deterministic_baseline,0.0,seen_entity,H03_05,89,89,89,89,46.930269719017,67.57670786516853,-20.646438146151542,30.552595411049094,-38.00008009435021,-7.952948439768467,OK,paired cohort meets minimum sample count,MODEL_LOWER_MAE,paired_observation_bootstrap_mean_absolute_error,1000,30
london_smartmeter,catboost,29,deterministic_baseline,0.0,seen_entity,H03_05,89,89,89,89,48.733408387485895,67.57670786516853,-18.84329947768264,27.884311137617807,-33.58359266987208,-6.135305511461861,OK,paired cohort meets minimum sample count,MODEL_LOWER_MAE,paired_observation_bootstrap_mean_absolute_error,1000,30
london_smartmeter,catboost,43,deterministic_baseline,0.0,seen_entity,H03_05,89,89,89,89,46.92657562937368,67.57670786516853,-20.65013223579485,30.558061924230955,-35.221061373001184,-7.6791256902120715,OK,paired cohort meets minimum sample count,MODEL_LOWER_MAE,paired_observation_bootstrap_mean_absolute_error,1000,30
london_smartmeter,catboost,17,deterministic_baseline,0.0,seen_entity,H06_12,1320,1320,1320,1320,39.18732786538232,71.33266363636365,-32.14533577098131,45.063977892162185,-36.83700743855549,-27.61448903092166,OK,paired cohort meets minimum sample count,MODEL_LOWER_MAE,paired_observation_bootstrap_mean_absolute_error,1000,30
london_smartmeter,catboost,29,deterministic_baseline,0.0,seen_entity,H06_12,1320,1320,1320,1320,38.98532752582436,71.33266363636365,-32.347336110539274,45.34715859684989,-36.898923161916635,-28.03837367347279,OK,paired cohort meets minimum sample count,MODEL_LOWER_MAE,paired_observation_bootstrap_mean_absolute_error,1000,30
london_smartmeter,catboost,43,deterministic_baseline,0.0,seen_entity,H06_12,1320,1320,1320,1320,39.676898028008274,71.33266363636365,-31.65576560835536,44.377658136710934,-36.59028796228072,-27.286279492295815,OK,paired cohort meets minimum sample count,MODEL_LOWER_MAE,paired_observation_bootstrap_mean_absolute_error,1000,30
london_smartmeter,catboost,17,deterministic_baseline,0.0,seen_entity,H13_PLUS,23832,23832,23832,23832,41.949324190949284,67.14459953004364,-25.19527533909436,37.52390440249898,-27.36696855890881,-23.19214904219239,OK,paired cohort meets minimum sample count,MODEL_LOWER_MAE,paired_observation_bootstrap_mean_absolute_error,1000,30
london_smartmeter,catboost,29,deterministic_baseline,0.0,seen_entity,H13_PLUS,23832,23832,23832,23832,42.39978639919638,67.14459953004364,-24.74481313084726,36.85302065101344,-26.70269348661852,-22.634425103987137,OK,paired cohort meets minimum sample count,MODEL_LOWER_MAE,paired_observation_bootstrap_mean_absolute_error,1000,30
london_smartmeter,catboost,43,deterministic_baseline,0.0,seen_entity,H13_PLUS,23832,23832,23832,23832,41.97336933646297,67.14459953004364,-25.17123019358067,37.488093412960005,-27.366248978505283,-23.01973676401444,OK,paired cohort meets minimum sample count,MODEL_LOWER_MAE,paired_observation_bootstrap_mean_absolute_error,1000,30
london_smartmeter,catboost,17,deterministic_baseline,0.0,unseen_entity,H00,0,0,0,0,,,,,,,NO_COMMON_COHORT,model and baseline have no successful predictions,NOT_TESTED,paired_observation_bootstrap_mean_absolute_error,1000,30
london_smartmeter,catboost,29,deterministic_baseline,0.0,unseen_entity,H00,0,0,0,0,,,,,,,NO_COMMON_COHORT,model and baseline have no successful predictions,NOT_TESTED,paired_observation_bootstrap_mean_absolute_error,1000,30
london_smartmeter,catboost,43,deterministic_baseline,0.0,unseen_entity,H00,0,0,0,0,,,,,,,NO_COMMON_COHORT,model and baseline have no successful predictions,NOT_TESTED,paired_observation_bootstrap_mean_absolute_error,1000,30
london_smartmeter,catboost,17,deterministic_baseline,0.0,unseen_entity,H01_02,8,8,8,8,34.41804865434146,38.880874999999996,-4.462826345658531,11.478204504550206,,,INSUFFICIENT_SAMPLE,paired count 8 is below minimum 30,NOT_TESTED,paired_observation_bootstrap_mean_absolute_error,1000,30
london_smartmeter,catboost,29,deterministic_baseline,0.0,unseen_entity,H01_02,8,8,8,8,37.50536913002232,38.880874999999996,-1.3755058699776725,3.537744122213486,,,INSUFFICIENT_SAMPLE,paired count 8 is below minimum 30,NOT_TESTED,paired_observation_bootstrap_mean_absolute_error,1000,30
london_smartmeter,catboost,43,deterministic_baseline,0.0,unseen_entity,H01_02,8,8,8,8,35.66956255446803,38.880874999999996,-3.21131244553197,8.25936259287366,,,INSUFFICIENT_SAMPLE,paired count 8 is below minimum 30,NOT_TESTED,paired_observation_bootstrap_mean_absolute_error,1000,30
london_smartmeter,catboost,17,deterministic_baseline,0.0,unseen_entity,H03_05,9,9,9,9,41.73033015380864,49.41166666666667,-7.681336512858029,15.545592834738148,,,INSUFFICIENT_SAMPLE,paired count 9 is below minimum 30,NOT_TESTED,paired_observation_bootstrap_mean_absolute_error,1000,30
london_smartmeter,catboost,29,deterministic_baseline,0.0,unseen_entity,H03_05,9,9,9,9,42.85935617380119,49.41166666666667,-6.552310492865475,13.260654689241031,,,INSUFFICIENT_SAMPLE,paired count 9 is below minimum 30,NOT_TESTED,paired_observation_bootstrap_mean_absolute_error,1000,30
london_smartmeter,catboost,43,deterministic_baseline,0.0,unseen_entity,H03_05,9,9,9,9,42.06502205855929,49.41166666666667,-7.346644608107373,14.868238826405456,,,INSUFFICIENT_SAMPLE,paired count 9 is below minimum 30,NOT_TESTED,paired_observation_bootstrap_mean_absolute_error,1000,30
london_smartmeter,catboost,17,deterministic_baseline,0.0,unseen_entity,H06_12,206,206,206,206,44.720167427002984,69.84743689320388,-25.127269466200907,35.97450469745979,-34.568191041004226,-15.916864930623577,OK,paired cohort meets minimum sample count,MODEL_LOWER_MAE,paired_observation_bootstrap_mean_absolute_error,1000,30
london_smartmeter,catboost,29,deterministic_baseline,0.0,unseen_entity,H06_12,206,206,206,206,44.53637801659462,69.84743689320388,-25.31105887660927,36.23763448229267,-36.55723879218335,-16.219741889313692,OK,paired cohort meets minimum sample count,MODEL_LOWER_MAE,paired_observation_bootstrap_mean_absolute_error,1000,30
london_smartmeter,catboost,43,deterministic_baseline,0.0,unseen_entity,H06_12,206,206,206,206,45.2630848093524,69.84743689320388,-24.584352083851478,35.197214353678774,-35.09203455229138,-14.844480218509606,OK,paired cohort meets minimum sample count,MODEL_LOWER_MAE,paired_observation_bootstrap_mean_absolute_error,1000,30
london_smartmeter,catboost,17,deterministic_baseline,0.0,unseen_entity,H13_PLUS,3564,3564,3564,3564,40.839661879000516,64.18591470258137,-23.346252823580855,36.37285988952641,-25.826491706614256,-21.021831247948622,OK,paired cohort meets minimum sample count,MODEL_LOWER_MAE,paired_observation_bootstrap_mean_absolute_error,1000,30
london_smartmeter,catboost,29,deterministic_baseline,0.0,unseen_entity,H13_PLUS,3564,3564,3564,3564,40.13763181436809,64.18591470258137,-24.04828288821328,37.46660462758214,-26.45127894053501,-21.846786635408964,OK,paired cohort meets minimum sample count,MODEL_LOWER_MAE,paired_observation_bootstrap_mean_absolute_error,1000,30
london_smartmeter,catboost,43,deterministic_baseline,0.0,unseen_entity,H13_PLUS,3564,3564,3564,3564,40.56610142128494,64.18591470258137,-23.61981328129642,36.799060028580556,-25.740536723859815,-21.405149820278186,OK,paired cohort meets minimum sample count,MODEL_LOWER_MAE,paired_observation_bootstrap_mean_absolute_error,1000,30
london_smartmeter,deepar,17,deterministic_baseline,0.0,seen_entity,H00,0,0,0,0,,,,,,,NO_COMMON_COHORT,model and baseline have no successful predictions,NOT_TESTED,paired_observation_bootstrap_mean_absolute_error,1000,30
london_smartmeter,deepar,29,deterministic_baseline,0.0,seen_entity,H00,0,0,0,0,,,,,,,NO_COMMON_COHORT,model and baseline have no successful predictions,NOT_TESTED,paired_observation_bootstrap_mean_absolute_error,1000,30
london_smartmeter,deepar,43,deterministic_baseline,0.0,seen_entity,H00,0,0,0,0,,,,,,,NO_COMMON_COHORT,model and baseline have no successful predictions,NOT_TESTED,paired_observation_bootstrap_mean_absolute_error,1000,30
london_smartmeter,deepar,17,deterministic_baseline,0.0,seen_entity,H01_02,0,88,0,0,,,,,,,NO_COMMON_COHORT,model has no successful predictions,NOT_TESTED,paired_observation_bootstrap_mean_absolute_error,1000,30
london_smartmeter,deepar,29,deterministic_baseline,0.0,seen_entity,H01_02,0,88,0,0,,,,,,,NO_COMMON_COHORT,model has no successful predictions,NOT_TESTED,paired_observation_bootstrap_mean_absolute_error,1000,30
london_smartmeter,deepar,43,deterministic_baseline,0.0,seen_entity,H01_02,0,88,0,0,,,,,,,NO_COMMON_COHORT,model has no successful predictions,NOT_TESTED,paired_observation_bootstrap_mean_absolute_error,1000,30
london_smartmeter,deepar,17,deterministic_baseline,0.0,seen_entity,H03_05,0,89,0,0,,,,,,,NO_COMMON_COHORT,model has no successful predictions,NOT_TESTED,paired_observation_bootstrap_mean_absolute_error,1000,30
london_smartmeter,deepar,29,deterministic_baseline,0.0,seen_entity,H03_05,0,89,0,0,,,,,,,NO_COMMON_COHORT,model has no successful predictions,NOT_TESTED,paired_observation_bootstrap_mean_absolute_error,1000,30
london_smartmeter,deepar,43,deterministic_baseline,0.0,seen_entity,H03_05,0,89,0,0,,,,,,,NO_COMMON_COHORT,model has no successful predictions,NOT_TESTED,paired_observation_bootstrap_mean_absolute_error,1000,30
london_smartmeter,deepar,17,deterministic_baseline,0.0,seen_entity,H06_12,1320,1320,1320,1320,53.55289586592009,71.33266363636365,-17.779767770443538,24.92514209350212,-22.39637452811877,-12.77526339476094,OK,paired cohort meets minimum sample count,MODEL_LOWER_MAE,paired_observation_bootstrap_mean_absolute_error,1000,30
london_smartmeter,deepar,29,deterministic_baseline,0.0,seen_entity,H06_12,1320,1320,1320,1320,59.123498835049254,71.33266363636365,-12.209164801314381,17.1158122785849,-18.150540627390544,-6.434110212745666,OK,paired cohort meets minimum sample count,MODEL_LOWER_MAE,paired_observation_bootstrap_mean_absolute_error,1000,30
london_smartmeter,deepar,43,deterministic_baseline,0.0,seen_entity,H06_12,1320,1320,1320,1320,53.023894406151044,71.33266363636365,-18.308769230212587,25.66673988727829,-23.461667474717807,-13.284126151814316,OK,paired cohort meets minimum sample count,MODEL_LOWER_MAE,paired_observation_bootstrap_mean_absolute_error,1000,30
london_smartmeter,deepar,17,deterministic_baseline,0.0,seen_entity,H13_PLUS,23832,23832,23832,23832,60.66440487030403,67.14459953004364,-6.480194659739604,9.65110329809929,-9.245775372965648,-3.6893823232031027,OK,paired cohort meets minimum sample count,MODEL_LOWER_MAE,paired_observation_bootstrap_mean_absolute_error,1000,30
london_smartmeter,deepar,29,deterministic_baseline,0.0,seen_entity,H13_PLUS,23832,23832,23832,23832,56.332282331462764,67.14459953004364,-10.812317198580876,16.103033265903886,-13.399470728878654,-8.313390615283971,OK,paired cohort meets minimum sample count,MODEL_LOWER_MAE,paired_observation_bootstrap_mean_absolute_error,1000,30
london_smartmeter,deepar,43,deterministic_baseline,0.0,seen_entity,H13_PLUS,23832,23832,23832,23832,57.58032343724798,67.14459953004364,-9.564276092795657,14.244296875307368,-12.366189980848223,-6.896132441626818,OK,paired cohort meets minimum sample count,MODEL_LOWER_MAE,paired_observation_bootstrap_mean_absolute_error,1000,30
london_smartmeter,deepar,17,deterministic_baseline,0.0,unseen_entity,H00,0,0,0,0,,,,,,,NO_COMMON_COHORT,model and baseline have no successful predictions,NOT_TESTED,paired_observation_bootstrap_mean_absolute_error,1000,30
london_smartmeter,deepar,29,deterministic_baseline,0.0,unseen_entity,H00,0,0,0,0,,,,,,,NO_COMMON_COHORT,model and baseline have no successful predictions,NOT_TESTED,paired_observation_bootstrap_mean_absolute_error,1000,30
london_smartmeter,deepar,43,deterministic_baseline,0.0,unseen_entity,H00,0,0,0,0,,,,,,,NO_COMMON_COHORT,model and baseline have no successful predictions,NOT_TESTED,paired_observation_bootstrap_mean_absolute_error,1000,30
london_smartmeter,deepar,17,deterministic_baseline,0.0,unseen_entity,H01_02,0,8,0,0,,,,,,,NO_COMMON_COHORT,model has no successful predictions,NOT_TESTED,paired_observation_bootstrap_mean_absolute_error,1000,30
london_smartmeter,deepar,29,deterministic_baseline,0.0,unseen_entity,H01_02,0,8,0,0,,,,,,,NO_COMMON_COHORT,model has no successful predictions,NOT_TESTED,paired_observation_bootstrap_mean_absolute_error,1000,30
london_smartmeter,deepar,43,deterministic_baseline,0.0,unseen_entity,H01_02,0,8,0,0,,,,,,,NO_COMMON_COHORT,model has no successful predictions,NOT_TESTED,paired_observation_bootstrap_mean_absolute_error,1000,30
london_smartmeter,deepar,17,deterministic_baseline,0.0,unseen_entity,H03_05,0,9,0,0,,,,,,,NO_COMMON_COHORT,model has no successful predictions,NOT_TESTED,paired_observation_bootstrap_mean_absolute_error,1000,30
london_smartmeter,deepar,29,deterministic_baseline,0.0,unseen_entity,H03_05,0,9,0,0,,,,,,,NO_COMMON_COHORT,model has no successful predictions,NOT_TESTED,paired_observation_bootstrap_mean_absolute_error,1000,30
london_smartmeter,deepar,43,deterministic_baseline,0.0,unseen_entity,H03_05,0,9,0,0,,,,,,,NO_COMMON_COHORT,model has no successful predictions,NOT_TESTED,paired_observation_bootstrap_mean_absolute_error,1000,30
london_smartmeter,deepar,17,deterministic_baseline,0.0,unseen_entity,H06_12,206,206,206,206,49.547117286311774,69.84743689320388,-20.30031960689211,29.06380034808022,-33.39784337943734,-8.547096825294119,OK,paired cohort meets minimum sample count,MODEL_LOWER_MAE,paired_observation_bootstrap_mean_absolute_error,1000,30
london_smartmeter,deepar,29,deterministic_baseline,0.0,unseen_entity,H06_12,206,206,206,206,60.17939788907246,69.84743689320388,-9.668039004131426,13.841651797350508,-26.087316508794984,5.652085265757742,OK,paired cohort meets minimum sample count,NO_DETECTED_DIFFERENCE,paired_observation_bootstrap_mean_absolute_error,1000,30
london_smartmeter,deepar,43,deterministic_baseline,0.0,unseen_entity,H06_12,206,206,206,206,53.46809617199945,69.84743689320388,-16.37934072120444,23.45016717828644,-31.114471218416522,-4.0386661233772365,OK,paired cohort meets minimum sample count,MODEL_LOWER_MAE,paired_observation_bootstrap_mean_absolute_error,1000,30
london_smartmeter,deepar,17,deterministic_baseline,0.0,unseen_entity,H13_PLUS,3564,3564,3564,3564,56.48303958367697,64.18591470258137,-7.702875118904403,12.000880807880135,-10.682530350881398,-4.949977436641078,OK,paired cohort meets minimum sample count,MODEL_LOWER_MAE,paired_observation_bootstrap_mean_absolute_error,1000,30
london_smartmeter,deepar,29,deterministic_baseline,0.0,unseen_entity,H13_PLUS,3564,3564,3564,3564,55.51909807964846,64.18591470258137,-8.666816622932908,13.5026768148314,-11.38748073325044,-5.447199649202374,OK,paired cohort meets minimum sample count,MODEL_LOWER_MAE,paired_observation_bootstrap_mean_absolute_error,1000,30
london_smartmeter,deepar,43,deterministic_baseline,0.0,unseen_entity,H13_PLUS,3564,3564,3564,3564,53.12964775101634,64.18591470258137,-11.056266951565028,17.225378812152968,-13.975693101319656,-8.223486917444601,OK,paired cohort meets minimum sample count,MODEL_LOWER_MAE,paired_observation_bootstrap_mean_absolute_error,1000,30
london_smartmeter,gradient_boosting,17,deterministic_baseline,0.0,seen_entity,H00,0,0,0,0,,,,,,,NO_COMMON_COHORT,model and baseline have no successful predictions,NOT_TESTED,paired_observation_bootstrap_mean_absolute_error,1000,30
london_smartmeter,gradient_boosting,29,deterministic_baseline,0.0,seen_entity,H00,0,0,0,0,,,,,,,NO_COMMON_COHORT,model and baseline have no successful predictions,NOT_TESTED,paired_observation_bootstrap_mean_absolute_error,1000,30
london_smartmeter,gradient_boosting,43,deterministic_baseline,0.0,seen_entity,H00,0,0,0,0,,,,,,,NO_COMMON_COHORT,model and baseline have no successful predictions,NOT_TESTED,paired_observation_bootstrap_mean_absolute_error,1000,30
london_smartmeter,gradient_boosting,17,deterministic_baseline,0.0,seen_entity,H01_02,88,88,88,88,45.64007773412664,57.83438636363637,-12.194308629509722,21.08487596433971,-19.830590513551027,-5.460923381612747,OK,paired cohort meets minimum sample count,MODEL_LOWER_MAE,paired_observation_bootstrap_mean_absolute_error,1000,30
london_smartmeter,gradient_boosting,29,deterministic_baseline,0.0,seen_entity,H01_02,88,88,88,88,45.64007773412664,57.83438636363637,-12.19430862950972,21.08487596433971,-19.422590764876798,-4.983595283744065,OK,paired cohort meets minimum sample count,MODEL_LOWER_MAE,paired_observation_bootstrap_mean_absolute_error,1000,30
london_smartmeter,gradient_boosting,43,deterministic_baseline,0.0,seen_entity,H01_02,88,88,88,88,45.64007773412664,57.83438636363637,-12.194308629509719,21.08487596433971,-19.64095889753229,-5.055006163855737,OK,paired cohort meets minimum sample count,MODEL_LOWER_MAE,paired_observation_bootstrap_mean_absolute_error,1000,30
london_smartmeter,gradient_boosting,17,deterministic_baseline,0.0,seen_entity,H03_05,89,89,89,89,50.06731046674899,67.57670786516853,-17.509397398419534,25.910403083492785,-31.182015555815898,-5.999951174671451,OK,paired cohort meets minimum sample count,MODEL_LOWER_MAE,paired_observation_bootstrap_mean_absolute_error,1000,30
london_smartmeter,gradient_boosting,29,deterministic_baseline,0.0,seen_entity,H03_05,89,89,89,89,50.067310466749014,67.57670786516853,-17.509397398419523,25.91040308349275,-33.00481090298289,-6.370700817636059,OK,paired cohort meets minimum sample count,MODEL_LOWER_MAE,paired_observation_bootstrap_mean_absolute_error,1000,30
london_smartmeter,gradient_boosting,43,deterministic_baseline,0.0,seen_entity,H03_05,89,89,89,89,50.06731046674903,67.57670786516853,-17.50939739841951,25.910403083492735,-31.24805854737603,-5.482996401856555,OK,paired cohort meets minimum sample count,MODEL_LOWER_MAE,paired_observation_bootstrap_mean_absolute_error,1000,30
london_smartmeter,gradient_boosting,17,deterministic_baseline,0.0,seen_entity,H06_12,1320,1320,1320,1320,39.8524402443468,71.33266363636365,-31.48022339201684,44.13156860718853,-35.59673865688606,-27.514920202491528,OK,paired cohort meets minimum sample count,MODEL_LOWER_MAE,paired_observation_bootstrap_mean_absolute_error,1000,30
london_smartmeter,gradient_boosting,29,deterministic_baseline,0.0,seen_entity,H06_12,1320,1320,1320,1320,39.8524402443468,71.33266363636365,-31.480223392016832,44.13156860718853,-35.58538956253363,-27.68468229209033,OK,paired cohort meets minimum sample count,MODEL_LOWER_MAE,paired_observation_bootstrap_mean_absolute_error,1000,30
london_smartmeter,gradient_boosting,43,deterministic_baseline,0.0,seen_entity,H06_12,1320,1320,1320,1320,39.85244024434681,71.33266363636365,-31.48022339201683,44.13156860718851,-35.597328033119275,-27.419297632473597,OK,paired cohort meets minimum sample count,MODEL_LOWER_MAE,paired_observation_bootstrap_mean_absolute_error,1000,30
london_smartmeter,gradient_boosting,17,deterministic_baseline,0.0,seen_entity,H13_PLUS,23832,23832,23832,23832,44.420081168248466,67.14459953004364,-22.724518361795173,33.844149076542124,-24.759951264182863,-20.70681706290232,OK,paired cohort meets minimum sample count,MODEL_LOWER_MAE,paired_observation_bootstrap_mean_absolute_error,1000,30
london_smartmeter,gradient_boosting,29,deterministic_baseline,0.0,seen_entity,H13_PLUS,23832,23832,23832,23832,44.42008116824847,67.14459953004364,-22.724518361795166,33.84414907654211,-24.767948557583715,-20.834069682950428,OK,paired cohort meets minimum sample count,MODEL_LOWER_MAE,paired_observation_bootstrap_mean_absolute_error,1000,30
london_smartmeter,gradient_boosting,43,deterministic_baseline,0.0,seen_entity,H13_PLUS,23832,23832,23832,23832,44.42008116824849,67.14459953004364,-22.72451836179516,33.84414907654209,-24.721885639128093,-20.80240688540774,OK,paired cohort meets minimum sample count,MODEL_LOWER_MAE,paired_observation_bootstrap_mean_absolute_error,1000,30
london_smartmeter,gradient_boosting,17,deterministic_baseline,0.0,unseen_entity,H00,0,0,0,0,,,,,,,NO_COMMON_COHORT,model and baseline have no successful predictions,NOT_TESTED,paired_observation_bootstrap_mean_absolute_error,1000,30
london_smartmeter,gradient_boosting,29,deterministic_baseline,0.0,unseen_entity,H00,0,0,0,0,,,,,,,NO_COMMON_COHORT,model and baseline have no successful predictions,NOT_TESTED,paired_observation_bootstrap_mean_absolute_error,1000,30
london_smartmeter,gradient_boosting,43,deterministic_baseline,0.0,unseen_entity,H00,0,0,0,0,,,,,,,NO_COMMON_COHORT,model and baseline have no successful predictions,NOT_TESTED,paired_observation_bootstrap_mean_absolute_error,1000,30
london_smartmeter,gradient_boosting,17,deterministic_baseline,0.0,unseen_entity,H01_02,8,8,8,8,37.50315113518505,38.880874999999996,-1.3777238648149464,3.5434487130625185,,,INSUFFICIENT_SAMPLE,paired count 8 is below minimum 30,NOT_TESTED,paired_observation_bootstrap_mean_absolute_error,1000,30
london_smartmeter,gradient_boosting,29,deterministic_baseline,0.0,unseen_entity,H01_02,8,8,8,8,37.50315113518501,38.880874999999996,-1.3777238648149925,3.543448713062628,,,INSUFFICIENT_SAMPLE,paired count 8 is below minimum 30,NOT_TESTED,paired_observation_bootstrap_mean_absolute_error,1000,30
london_smartmeter,gradient_boosting,43,deterministic_baseline,0.0,unseen_entity,H01_02,8,8,8,8,37.503151135185064,38.880874999999996,-1.3777238648149357,3.5434487130624817,,,INSUFFICIENT_SAMPLE,paired count 8 is below minimum 30,NOT_TESTED,paired_observation_bootstrap_mean_absolute_error,1000,30
london_smartmeter,gradient_boosting,17,deterministic_baseline,0.0,unseen_entity,H03_05,9,9,9,9,50.005216227204855,49.41166666666667,0.5935495605381883,-1.2012336368702115,,,INSUFFICIENT_SAMPLE,paired count 9 is below minimum 30,NOT_TESTED,paired_observation_bootstrap_mean_absolute_error,1000,30
london_smartmeter,gradient_boosting,29,deterministic_baseline,0.0,unseen_entity,H03_05,9,9,9,9,50.00521622720488,49.41166666666667,0.5935495605382136,-1.2012336368702687,,,INSUFFICIENT_SAMPLE,paired count 9 is below minimum 30,NOT_TESTED,paired_observation_bootstrap_mean_absolute_error,1000,30
london_smartmeter,gradient_boosting,43,deterministic_baseline,0.0,unseen_entity,H03_05,9,9,9,9,50.00521622720484,49.41166666666667,0.5935495605381725,-1.2012336368701826,,,INSUFFICIENT_SAMPLE,paired count 9 is below minimum 30,NOT_TESTED,paired_observation_bootstrap_mean_absolute_error,1000,30
london_smartmeter,gradient_boosting,17,deterministic_baseline,0.0,unseen_entity,H06_12,206,206,206,206,43.9889552114253,69.84743689320388,-25.858481681778578,37.02137520280947,-35.42817288617813,-16.56488699670788,OK,paired cohort meets minimum sample count,MODEL_LOWER_MAE,paired_observation_bootstrap_mean_absolute_error,1000,30
london_smartmeter,gradient_boosting,29,deterministic_baseline,0.0,unseen_entity,H06_12,206,206,206,206,43.98895521142531,69.84743689320388,-25.858481681778564,37.02137520280945,-35.75859743316764,-16.147023188624974,OK,paired cohort meets minimum sample count,MODEL_LOWER_MAE,paired_observation_bootstrap_mean_absolute_error,1000,30
london_smartmeter,gradient_boosting,43,deterministic_baseline,0.0,unseen_entity,H06_12,206,206,206,206,43.988955211425335,69.84743689320388,-25.858481681778557,37.02137520280942,-35.83461288886159,-16.555106757487422,OK,paired cohort meets minimum sample count,MODEL_LOWER_MAE,paired_observation_bootstrap_mean_absolute_error,1000,30
london_smartmeter,gradient_boosting,17,deterministic_baseline,0.0,unseen_entity,H13_PLUS,3564,3564,3564,3564,41.677498156768515,64.18591470258137,-22.50841654581285,35.067532573322715,-24.69418244037696,-20.34361030601999,OK,paired cohort meets minimum sample count,MODEL_LOWER_MAE,paired_observation_bootstrap_mean_absolute_error,1000,30
london_smartmeter,gradient_boosting,29,deterministic_baseline,0.0,unseen_entity,H13_PLUS,3564,3564,3564,3564,41.67749815676852,64.18591470258137,-22.50841654581285,35.06753257332271,-24.69497376749466,-20.547609707943618,OK,paired cohort meets minimum sample count,MODEL_LOWER_MAE,paired_observation_bootstrap_mean_absolute_error,1000,30
london_smartmeter,gradient_boosting,43,deterministic_baseline,0.0,unseen_entity,H13_PLUS,3564,3564,3564,3564,41.67749815676852,64.18591470258137,-22.50841654581285,35.06753257332271,-24.69779125788178,-20.470865203560145,OK,paired cohort meets minimum sample count,MODEL_LOWER_MAE,paired_observation_bootstrap_mean_absolute_error,1000,30
london_smartmeter,lightgbm,17,deterministic_baseline,0.0,seen_entity,H00,0,0,0,0,,,,,,,NO_COMMON_COHORT,model and baseline have no successful predictions,NOT_TESTED,paired_observation_bootstrap_mean_absolute_error,1000,30
london_smartmeter,lightgbm,29,deterministic_baseline,0.0,seen_entity,H00,0,0,0,0,,,,,,,NO_COMMON_COHORT,model and baseline have no successful predictions,NOT_TESTED,paired_observation_bootstrap_mean_absolute_error,1000,30
london_smartmeter,lightgbm,43,deterministic_baseline,0.0,seen_entity,H00,0,0,0,0,,,,,,,NO_COMMON_COHORT,model and baseline have no successful predictions,NOT_TESTED,paired_observation_bootstrap_mean_absolute_error,1000,30
london_smartmeter,lightgbm,17,deterministic_baseline,0.0,seen_entity,H01_02,88,88,88,88,44.514167609793446,57.83438636363637,-13.320218753842921,23.031659176067734,-21.079112846082403,-6.447090162909633,OK,paired cohort meets minimum sample count,MODEL_LOWER_MAE,paired_observation_bootstrap_mean_absolute_error,1000,30
london_smartmeter,lightgbm,29,deterministic_baseline,0.0,seen_entity,H01_02,88,88,88,88,43.776343596387555,57.83438636363637,-14.058042767248814,24.307412339189046,-23.287719586654013,-6.315512795797969,OK,paired cohort meets minimum sample count,MODEL_LOWER_MAE,paired_observation_bootstrap_mean_absolute_error,1000,30
london_smartmeter,lightgbm,43,deterministic_baseline,0.0,seen_entity,H01_02,88,88,88,88,43.241129667376,57.83438636363637,-14.593256696260367,25.232837441214635,-22.59424108693445,-7.992005088832605,OK,paired cohort meets minimum sample count,MODEL_LOWER_MAE,paired_observation_bootstrap_mean_absolute_error,1000,30
london_smartmeter,lightgbm,17,deterministic_baseline,0.0,seen_entity,H03_05,89,89,89,89,47.24121600596801,67.57670786516853,-20.335491859200516,30.092457152210816,-38.167630810252795,-4.987903049887812,OK,paired cohort meets minimum sample count,MODEL_LOWER_MAE,paired_observation_bootstrap_mean_absolute_error,1000,30
london_smartmeter,lightgbm,29,deterministic_baseline,0.0,seen_entity,H03_05,89,89,89,89,47.78276171897508,67.57670786516853,-19.793946146193456,29.2910779046636,-40.100929804635136,-3.5387943101776593,OK,paired cohort meets minimum sample count,MODEL_LOWER_MAE,paired_observation_bootstrap_mean_absolute_error,1000,30
london_smartmeter,lightgbm,43,deterministic_baseline,0.0,seen_entity,H03_05,89,89,89,89,46.53985976575677,67.57670786516853,-21.03684809941176,31.13032398882945,-38.70751605809131,-7.348219683122899,OK,paired cohort meets minimum sample count,MODEL_LOWER_MAE,paired_observation_bootstrap_mean_absolute_error,1000,30
london_smartmeter,lightgbm,17,deterministic_baseline,0.0,seen_entity,H06_12,1320,1320,1320,1320,38.02220645348585,71.33266363636365,-33.31045718287779,46.69734100031131,-37.70483874484199,-29.073746411354858,OK,paired cohort meets minimum sample count,MODEL_LOWER_MAE,paired_observation_bootstrap_mean_absolute_error,1000,30
london_smartmeter,lightgbm,29,deterministic_baseline,0.0,seen_entity,H06_12,1320,1320,1320,1320,37.82503154512448,71.33266363636365,-33.507632091239145,46.97375701831747,-37.973651128970815,-29.37776208207039,OK,paired cohort meets minimum sample count,MODEL_LOWER_MAE,paired_observation_bootstrap_mean_absolute_error,1000,30
london_smartmeter,lightgbm,43,deterministic_baseline,0.0,seen_entity,H06_12,1320,1320,1320,1320,38.149865427474076,71.33266363636365,-33.18279820888955,46.51837814167056,-37.76018547554596,-29.420329989235217,OK,paired cohort meets minimum sample count,MODEL_LOWER_MAE,paired_observation_bootstrap_mean_absolute_error,1000,30
london_smartmeter,lightgbm,17,deterministic_baseline,0.0,seen_entity,H13_PLUS,23832,23832,23832,23832,40.355868007033195,67.14459953004364,-26.788731523010448,39.89707543199198,-29.007484929984944,-24.619915838503267,OK,paired cohort meets minimum sample count,MODEL_LOWER_MAE,paired_observation_bootstrap_mean_absolute_error,1000,30
london_smartmeter,lightgbm,29,deterministic_baseline,0.0,seen_entity,H13_PLUS,23832,23832,23832,23832,40.366928613521125,67.14459953004364,-26.777670916522517,39.8806026157635,-28.930787588687803,-24.512460654282545,OK,paired cohort meets minimum sample count,MODEL_LOWER_MAE,paired_observation_bootstrap_mean_absolute_error,1000,30
london_smartmeter,lightgbm,43,deterministic_baseline,0.0,seen_entity,H13_PLUS,23832,23832,23832,23832,40.43310410249762,67.14459953004364,-26.711495427546012,39.78204593445231,-28.954774814393247,-24.621260864096968,OK,paired cohort meets minimum sample count,MODEL_LOWER_MAE,paired_observation_bootstrap_mean_absolute_error,1000,30
london_smartmeter,lightgbm,17,deterministic_baseline,0.0,unseen_entity,H00,0,0,0,0,,,,,,,NO_COMMON_COHORT,model and baseline have no successful predictions,NOT_TESTED,paired_observation_bootstrap_mean_absolute_error,1000,30
london_smartmeter,lightgbm,29,deterministic_baseline,0.0,unseen_entity,H00,0,0,0,0,,,,,,,NO_COMMON_COHORT,model and baseline have no successful predictions,NOT_TESTED,paired_observation_bootstrap_mean_absolute_error,1000,30
london_smartmeter,lightgbm,43,deterministic_baseline,0.0,unseen_entity,H00,0,0,0,0,,,,,,,NO_COMMON_COHORT,model and baseline have no successful predictions,NOT_TESTED,paired_observation_bootstrap_mean_absolute_error,1000,30
london_smartmeter,lightgbm,17,deterministic_baseline,0.0,unseen_entity,H01_02,8,8,8,8,38.42183067894657,38.880874999999996,-0.4590443210534243,1.1806429794942273,,,INSUFFICIENT_SAMPLE,paired count 8 is below minimum 30,NOT_TESTED,paired_observation_bootstrap_mean_absolute_error,1000,30
london_smartmeter,lightgbm,29,deterministic_baseline,0.0,unseen_entity,H01_02,8,8,8,8,35.85454732704394,38.880874999999996,-3.0263276729560573,7.783589420135368,,,INSUFFICIENT_SAMPLE,paired count 8 is below minimum 30,NOT_TESTED,paired_observation_bootstrap_mean_absolute_error,1000,30
london_smartmeter,lightgbm,43,deterministic_baseline,0.0,unseen_entity,H01_02,8,8,8,8,35.87987247867597,38.880874999999996,-3.0010025213240255,7.718454179140839,,,INSUFFICIENT_SAMPLE,paired count 8 is below minimum 30,NOT_TESTED,paired_observation_bootstrap_mean_absolute_error,1000,30
london_smartmeter,lightgbm,17,deterministic_baseline,0.0,unseen_entity,H03_05,9,9,9,9,34.18965868470395,49.41166666666667,-15.222007981962719,30.80650584942028,,,INSUFFICIENT_SAMPLE,paired count 9 is below minimum 30,NOT_TESTED,paired_observation_bootstrap_mean_absolute_error,1000,30
london_smartmeter,lightgbm,29,deterministic_baseline,0.0,unseen_entity,H03_05,9,9,9,9,31.738302587179607,49.41166666666667,-17.673364079487058,35.76759350926649,,,INSUFFICIENT_SAMPLE,paired count 9 is below minimum 30,NOT_TESTED,paired_observation_bootstrap_mean_absolute_error,1000,30
london_smartmeter,lightgbm,43,deterministic_baseline,0.0,unseen_entity,H03_05,9,9,9,9,31.162388323647633,49.41166666666667,-18.249278343019036,36.93313659328573,,,INSUFFICIENT_SAMPLE,paired count 9 is below minimum 30,NOT_TESTED,paired_observation_bootstrap_mean_absolute_error,1000,30
london_smartmeter,lightgbm,17,deterministic_baseline,0.0,unseen_entity,H06_12,206,206,206,206,41.15556080596331,69.84743689320388,-28.69187608724057,41.0779226317355,-41.50118472379269,-19.08634953876609,OK,paired cohort meets minimum sample count,MODEL_LOWER_MAE,paired_observation_bootstrap_mean_absolute_error,1000,30
london_smartmeter,lightgbm,29,deterministic_baseline,0.0,unseen_entity,H06_12,206,206,206,206,40.4011739660994,69.84743689320388,-29.44626292710447,42.157972055764276,-40.11068156392437,-19.975405010900115,OK,paired cohort meets minimum sample count,MODEL_LOWER_MAE,paired_observation_bootstrap_mean_absolute_error,1000,30
london_smartmeter,lightgbm,43,deterministic_baseline,0.0,unseen_entity,H06_12,206,206,206,206,41.44600926322541,69.84743689320388,-28.401427629978475,40.66208996817449,-39.17096853444083,-17.91392501459824,OK,paired cohort meets minimum sample count,MODEL_LOWER_MAE,paired_observation_bootstrap_mean_absolute_error,1000,30
london_smartmeter,lightgbm,17,deterministic_baseline,0.0,unseen_entity,H13_PLUS,3564,3564,3564,3564,38.3648542981419,64.18591470258137,-25.82106040443947,40.22854628478329,-28.242042165702,-23.739593551724603,OK,paired cohort meets minimum sample count,MODEL_LOWER_MAE,paired_observation_bootstrap_mean_absolute_error,1000,30
london_smartmeter,lightgbm,29,deterministic_baseline,0.0,unseen_entity,H13_PLUS,3564,3564,3564,3564,38.4181017269373,64.18591470258137,-25.76781297564407,40.14558816376541,-28.15136096039612,-23.70939972965484,OK,paired cohort meets minimum sample count,MODEL_LOWER_MAE,paired_observation_bootstrap_mean_absolute_error,1000,30
london_smartmeter,lightgbm,43,deterministic_baseline,0.0,unseen_entity,H13_PLUS,3564,3564,3564,3564,38.533043736146496,64.18591470258137,-25.652870966434868,39.96651147732758,-27.95666573920589,-23.358453283039243,OK,paired cohort meets minimum sample count,MODEL_LOWER_MAE,paired_observation_bootstrap_mean_absolute_error,1000,30
london_smartmeter,nbeats,17,deterministic_baseline,0.0,seen_entity,H00,0,0,0,0,,,,,,,NO_COMMON_COHORT,model and baseline have no successful predictions,NOT_TESTED,paired_observation_bootstrap_mean_absolute_error,1000,30
london_smartmeter,nbeats,29,deterministic_baseline,0.0,seen_entity,H00,0,0,0,0,,,,,,,NO_COMMON_COHORT,model and baseline have no successful predictions,NOT_TESTED,paired_observation_bootstrap_mean_absolute_error,1000,30
london_smartmeter,nbeats,43,deterministic_baseline,0.0,seen_entity,H00,0,0,0,0,,,,,,,NO_COMMON_COHORT,model and baseline have no successful predictions,NOT_TESTED,paired_observation_bootstrap_mean_absolute_error,1000,30
london_smartmeter,nbeats,17,deterministic_baseline,0.0,seen_entity,H01_02,0,88,0,0,,,,,,,NO_COMMON_COHORT,model has no successful predictions,NOT_TESTED,paired_observation_bootstrap_mean_absolute_error,1000,30
london_smartmeter,nbeats,29,deterministic_baseline,0.0,seen_entity,H01_02,0,88,0,0,,,,,,,NO_COMMON_COHORT,model has no successful predictions,NOT_TESTED,paired_observation_bootstrap_mean_absolute_error,1000,30
london_smartmeter,nbeats,43,deterministic_baseline,0.0,seen_entity,H01_02,0,88,0,0,,,,,,,NO_COMMON_COHORT,model has no successful predictions,NOT_TESTED,paired_observation_bootstrap_mean_absolute_error,1000,30
london_smartmeter,nbeats,17,deterministic_baseline,0.0,seen_entity,H03_05,0,89,0,0,,,,,,,NO_COMMON_COHORT,model has no successful predictions,NOT_TESTED,paired_observation_bootstrap_mean_absolute_error,1000,30
london_smartmeter,nbeats,29,deterministic_baseline,0.0,seen_entity,H03_05,0,89,0,0,,,,,,,NO_COMMON_COHORT,model has no successful predictions,NOT_TESTED,paired_observation_bootstrap_mean_absolute_error,1000,30
london_smartmeter,nbeats,43,deterministic_baseline,0.0,seen_entity,H03_05,0,89,0,0,,,,,,,NO_COMMON_COHORT,model has no successful predictions,NOT_TESTED,paired_observation_bootstrap_mean_absolute_error,1000,30
london_smartmeter,nbeats,17,deterministic_baseline,0.0,seen_entity,H06_12,1320,1320,1320,1320,45.5415796960614,71.33266363636365,-25.79108394030224,36.156064593043716,-29.575533800576522,-22.29416596764366,OK,paired cohort meets minimum sample count,MODEL_LOWER_MAE,paired_observation_bootstrap_mean_absolute_error,1000,30
london_smartmeter,nbeats,29,deterministic_baseline,0.0,seen_entity,H06_12,1320,1320,1320,1320,49.92142474595994,71.33266363636365,-21.41123889040369,30.016037252657394,-25.275601500753,-18.387893292660426,OK,paired cohort meets minimum sample count,MODEL_LOWER_MAE,paired_observation_bootstrap_mean_absolute_error,1000,30
london_smartmeter,nbeats,43,deterministic_baseline,0.0,seen_entity,H06_12,1320,1320,1320,1320,46.960558905562486,71.33266363636365,-24.372104730801148,34.16682272660411,-27.771304683805372,-21.212586964554298,OK,paired cohort meets minimum sample count,MODEL_LOWER_MAE,paired_observation_bootstrap_mean_absolute_error,1000,30
london_smartmeter,nbeats,17,deterministic_baseline,0.0,seen_entity,H13_PLUS,23832,23832,23832,23832,52.009628760368294,67.14459953004364,-15.13497076967535,22.54086088175006,-16.71856481720596,-13.625632080224479,OK,paired cohort meets minimum sample count,MODEL_LOWER_MAE,paired_observation_bootstrap_mean_absolute_error,1000,30
london_smartmeter,nbeats,29,deterministic_baseline,0.0,seen_entity,H13_PLUS,23832,23832,23832,23832,51.64121759189387,67.14459953004364,-15.503381938149774,23.089544128136215,-17.223111469090064,-13.669019173206177,OK,paired cohort meets minimum sample count,MODEL_LOWER_MAE,paired_observation_bootstrap_mean_absolute_error,1000,30
london_smartmeter,nbeats,43,deterministic_baseline,0.0,seen_entity,H13_PLUS,23832,23832,23832,23832,51.58163604283341,67.14459953004364,-15.562963487210231,23.178280302716868,-17.322561469581526,-13.986715258566988,OK,paired cohort meets minimum sample count,MODEL_LOWER_MAE,paired_observation_bootstrap_mean_absolute_error,1000,30
london_smartmeter,nbeats,17,deterministic_baseline,0.0,unseen_entity,H00,0,0,0,0,,,,,,,NO_COMMON_COHORT,model and baseline have no successful predictions,NOT_TESTED,paired_observation_bootstrap_mean_absolute_error,1000,30
london_smartmeter,nbeats,29,deterministic_baseline,0.0,unseen_entity,H00,0,0,0,0,,,,,,,NO_COMMON_COHORT,model and baseline have no successful predictions,NOT_TESTED,paired_observation_bootstrap_mean_absolute_error,1000,30
london_smartmeter,nbeats,43,deterministic_baseline,0.0,unseen_entity,H00,0,0,0,0,,,,,,,NO_COMMON_COHORT,model and baseline have no successful predictions,NOT_TESTED,paired_observation_bootstrap_mean_absolute_error,1000,30
london_smartmeter,nbeats,17,deterministic_baseline,0.0,unseen_entity,H01_02,0,8,0,0,,,,,,,NO_COMMON_COHORT,model has no successful predictions,NOT_TESTED,paired_observation_bootstrap_mean_absolute_error,1000,30
london_smartmeter,nbeats,29,deterministic_baseline,0.0,unseen_entity,H01_02,0,8,0,0,,,,,,,NO_COMMON_COHORT,model has no successful predictions,NOT_TESTED,paired_observation_bootstrap_mean_absolute_error,1000,30
london_smartmeter,nbeats,43,deterministic_baseline,0.0,unseen_entity,H01_02,0,8,0,0,,,,,,,NO_COMMON_COHORT,model has no successful predictions,NOT_TESTED,paired_observation_bootstrap_mean_absolute_error,1000,30
london_smartmeter,nbeats,17,deterministic_baseline,0.0,unseen_entity,H03_05,0,9,0,0,,,,,,,NO_COMMON_COHORT,model has no successful predictions,NOT_TESTED,paired_observation_bootstrap_mean_absolute_error,1000,30
london_smartmeter,nbeats,29,deterministic_baseline,0.0,unseen_entity,H03_05,0,9,0,0,,,,,,,NO_COMMON_COHORT,model has no successful predictions,NOT_TESTED,paired_observation_bootstrap_mean_absolute_error,1000,30
london_smartmeter,nbeats,43,deterministic_baseline,0.0,unseen_entity,H03_05,0,9,0,0,,,,,,,NO_COMMON_COHORT,model has no successful predictions,NOT_TESTED,paired_observation_bootstrap_mean_absolute_error,1000,30
london_smartmeter,nbeats,17,deterministic_baseline,0.0,unseen_entity,H06_12,206,206,206,206,49.00816771047092,69.84743689320388,-20.839269182732963,29.835410015969543,-29.922895857468742,-12.714044948196062,OK,paired cohort meets minimum sample count,MODEL_LOWER_MAE,paired_observation_bootstrap_mean_absolute_error,1000,30
london_smartmeter,nbeats,29,deterministic_baseline,0.0,unseen_entity,H06_12,206,206,206,206,51.18072048408875,69.84743689320388,-18.666716409115125,26.724984107371576,-27.98337501023503,-10.726218548673737,OK,paired cohort meets minimum sample count,MODEL_LOWER_MAE,paired_observation_bootstrap_mean_absolute_error,1000,30
london_smartmeter,nbeats,43,deterministic_baseline,0.0,unseen_entity,H06_12,206,206,206,206,50.738400967190564,69.84743689320388,-19.10903592601331,27.358249315906697,-27.511825211746476,-11.167191579890254,OK,paired cohort meets minimum sample count,MODEL_LOWER_MAE,paired_observation_bootstrap_mean_absolute_error,1000,30
london_smartmeter,nbeats,17,deterministic_baseline,0.0,unseen_entity,H13_PLUS,3564,3564,3564,3564,51.233379915279045,64.18591470258137,-12.952534787302321,20.179715202814446,-14.827720638351476,-11.20057448098284,OK,paired cohort meets minimum sample count,MODEL_LOWER_MAE,paired_observation_bootstrap_mean_absolute_error,1000,30
london_smartmeter,nbeats,29,deterministic_baseline,0.0,unseen_entity,H13_PLUS,3564,3564,3564,3564,49.27595494883998,64.18591470258137,-14.90995975374138,23.229332826103285,-16.89321358989261,-13.080849747320455,OK,paired cohort meets minimum sample count,MODEL_LOWER_MAE,paired_observation_bootstrap_mean_absolute_error,1000,30
london_smartmeter,nbeats,43,deterministic_baseline,0.0,unseen_entity,H13_PLUS,3564,3564,3564,3564,48.882179176122065,64.18591470258137,-15.303735526459313,23.84282532604281,-17.57807233654791,-13.179950884436657,OK,paired cohort meets minimum sample count,MODEL_LOWER_MAE,paired_observation_bootstrap_mean_absolute_error,1000,30
london_smartmeter,ridge,17,deterministic_baseline,0.0,seen_entity,H00,0,0,0,0,,,,,,,NO_COMMON_COHORT,model and baseline have no successful predictions,NOT_TESTED,paired_observation_bootstrap_mean_absolute_error,1000,30
london_smartmeter,ridge,29,deterministic_baseline,0.0,seen_entity,H00,0,0,0,0,,,,,,,NO_COMMON_COHORT,model and baseline have no successful predictions,NOT_TESTED,paired_observation_bootstrap_mean_absolute_error,1000,30
london_smartmeter,ridge,43,deterministic_baseline,0.0,seen_entity,H00,0,0,0,0,,,,,,,NO_COMMON_COHORT,model and baseline have no successful predictions,NOT_TESTED,paired_observation_bootstrap_mean_absolute_error,1000,30
london_smartmeter,ridge,17,deterministic_baseline,0.0,seen_entity,H01_02,88,88,88,88,54.1290964487047,57.83438636363637,-3.7052899149316674,6.406724697716143,-12.57588714688558,5.287484717287229,OK,paired cohort meets minimum sample count,NO_DETECTED_DIFFERENCE,paired_observation_bootstrap_mean_absolute_error,1000,30
london_smartmeter,ridge,29,deterministic_baseline,0.0,seen_entity,H01_02,88,88,88,88,54.1290964487047,57.83438636363637,-3.7052899149316674,6.406724697716143,-12.689221200508177,4.713078200177097,OK,paired cohort meets minimum sample count,NO_DETECTED_DIFFERENCE,paired_observation_bootstrap_mean_absolute_error,1000,30
london_smartmeter,ridge,43,deterministic_baseline,0.0,seen_entity,H01_02,88,88,88,88,54.1290964487047,57.83438636363637,-3.7052899149316674,6.406724697716143,-13.005302984430442,5.31245479294168,OK,paired cohort meets minimum sample count,NO_DETECTED_DIFFERENCE,paired_observation_bootstrap_mean_absolute_error,1000,30
london_smartmeter,ridge,17,deterministic_baseline,0.0,seen_entity,H03_05,89,89,89,89,62.616758496662,67.57670786516853,-4.959949368506542,7.339732172811374,-16.16541426765138,5.524136799675997,OK,paired cohort meets minimum sample count,NO_DETECTED_DIFFERENCE,paired_observation_bootstrap_mean_absolute_error,1000,30
london_smartmeter,ridge,29,deterministic_baseline,0.0,seen_entity,H03_05,89,89,89,89,62.616758496662,67.57670786516853,-4.959949368506542,7.339732172811374,-17.339648132688,5.002564068784923,OK,paired cohort meets minimum sample count,NO_DETECTED_DIFFERENCE,paired_observation_bootstrap_mean_absolute_error,1000,30
london_smartmeter,ridge,43,deterministic_baseline,0.0,seen_entity,H03_05,89,89,89,89,62.616758496662,67.57670786516853,-4.959949368506542,7.339732172811374,-18.7109610209174,5.809686065138913,OK,paired cohort meets minimum sample count,NO_DETECTED_DIFFERENCE,paired_observation_bootstrap_mean_absolute_error,1000,30
london_smartmeter,ridge,17,deterministic_baseline,0.0,seen_entity,H06_12,1320,1320,1320,1320,59.55515965688333,71.33266363636365,-11.777503979480302,16.510674604160485,-17.0006116624289,-6.803074895932871,OK,paired cohort meets minimum sample count,MODEL_LOWER_MAE,paired_observation_bootstrap_mean_absolute_error,1000,30
london_smartmeter,ridge,29,deterministic_baseline,0.0,seen_entity,H06_12,1320,1320,1320,1320,59.55515965688333,71.33266363636365,-11.777503979480302,16.510674604160485,-17.441077377535997,-6.678700395959273,OK,paired cohort meets minimum sample count,MODEL_LOWER_MAE,paired_observation_bootstrap_mean_absolute_error,1000,30
london_smartmeter,ridge,43,deterministic_baseline,0.0,seen_entity,H06_12,1320,1320,1320,1320,59.55515965688333,71.33266363636365,-11.777503979480302,16.510674604160485,-17.25176196614802,-6.621605958933928,OK,paired cohort meets minimum sample count,MODEL_LOWER_MAE,paired_observation_bootstrap_mean_absolute_error,1000,30
london_smartmeter,ridge,17,deterministic_baseline,0.0,seen_entity,H13_PLUS,23832,23832,23832,23832,62.290633834959124,67.14459953004364,-4.853965695084519,7.229123010723476,-7.057799625980279,-2.7273003921615726,OK,paired cohort meets minimum sample count,MODEL_LOWER_MAE,paired_observation_bootstrap_mean_absolute_error,1000,30
london_smartmeter,ridge,29,deterministic_baseline,0.0,seen_entity,H13_PLUS,23832,23832,23832,23832,62.290633834959124,67.14459953004364,-4.853965695084519,7.229123010723476,-7.0178818961076965,-2.8101445456898326,OK,paired cohort meets minimum sample count,MODEL_LOWER_MAE,paired_observation_bootstrap_mean_absolute_error,1000,30
london_smartmeter,ridge,43,deterministic_baseline,0.0,seen_entity,H13_PLUS,23832,23832,23832,23832,62.290633834959124,67.14459953004364,-4.853965695084519,7.229123010723476,-7.077903564333773,-2.83590067128248,OK,paired cohort meets minimum sample count,MODEL_LOWER_MAE,paired_observation_bootstrap_mean_absolute_error,1000,30
london_smartmeter,ridge,17,deterministic_baseline,0.0,unseen_entity,H00,0,0,0,0,,,,,,,NO_COMMON_COHORT,model and baseline have no successful predictions,NOT_TESTED,paired_observation_bootstrap_mean_absolute_error,1000,30
london_smartmeter,ridge,29,deterministic_baseline,0.0,unseen_entity,H00,0,0,0,0,,,,,,,NO_COMMON_COHORT,model and baseline have no successful predictions,NOT_TESTED,paired_observation_bootstrap_mean_absolute_error,1000,30
london_smartmeter,ridge,43,deterministic_baseline,0.0,unseen_entity,H00,0,0,0,0,,,,,,,NO_COMMON_COHORT,model and baseline have no successful predictions,NOT_TESTED,paired_observation_bootstrap_mean_absolute_error,1000,30
london_smartmeter,ridge,17,deterministic_baseline,0.0,unseen_entity,H01_02,8,8,8,8,23.17100909131884,38.880874999999996,-15.709865908681156,40.405124392599596,,,INSUFFICIENT_SAMPLE,paired count 8 is below minimum 30,NOT_TESTED,paired_observation_bootstrap_mean_absolute_error,1000,30
london_smartmeter,ridge,29,deterministic_baseline,0.0,unseen_entity,H01_02,8,8,8,8,23.17100909131884,38.880874999999996,-15.709865908681156,40.405124392599596,,,INSUFFICIENT_SAMPLE,paired count 8 is below minimum 30,NOT_TESTED,paired_observation_bootstrap_mean_absolute_error,1000,30
london_smartmeter,ridge,43,deterministic_baseline,0.0,unseen_entity,H01_02,8,8,8,8,23.17100909131884,38.880874999999996,-15.709865908681156,40.405124392599596,,,INSUFFICIENT_SAMPLE,paired count 8 is below minimum 30,NOT_TESTED,paired_observation_bootstrap_mean_absolute_error,1000,30
london_smartmeter,ridge,17,deterministic_baseline,0.0,unseen_entity,H03_05,9,9,9,9,50.438223719733486,49.41166666666667,1.0265570530668195,-2.0775600628734447,,,INSUFFICIENT_SAMPLE,paired count 9 is below minimum 30,NOT_TESTED,paired_observation_bootstrap_mean_absolute_error,1000,30
london_smartmeter,ridge,29,deterministic_baseline,0.0,unseen_entity,H03_05,9,9,9,9,50.438223719733486,49.41166666666667,1.0265570530668195,-2.0775600628734447,,,INSUFFICIENT_SAMPLE,paired count 9 is below minimum 30,NOT_TESTED,paired_observation_bootstrap_mean_absolute_error,1000,30
london_smartmeter,ridge,43,deterministic_baseline,0.0,unseen_entity,H03_05,9,9,9,9,50.438223719733486,49.41166666666667,1.0265570530668195,-2.0775600628734447,,,INSUFFICIENT_SAMPLE,paired count 9 is below minimum 30,NOT_TESTED,paired_observation_bootstrap_mean_absolute_error,1000,30
london_smartmeter,ridge,17,deterministic_baseline,0.0,unseen_entity,H06_12,206,206,206,206,66.88350786504455,69.84743689320388,-2.963929028159332,4.243432772903534,-16.495417345784883,9.23922678626467,OK,paired cohort meets minimum sample count,NO_DETECTED_DIFFERENCE,paired_observation_bootstrap_mean_absolute_error,1000,30
london_smartmeter,ridge,29,deterministic_baseline,0.0,unseen_entity,H06_12,206,206,206,206,66.88350786504455,69.84743689320388,-2.963929028159332,4.243432772903534,-16.2325503876464,9.87769079425561,OK,paired cohort meets minimum sample count,NO_DETECTED_DIFFERENCE,paired_observation_bootstrap_mean_absolute_error,1000,30
london_smartmeter,ridge,43,deterministic_baseline,0.0,unseen_entity,H06_12,206,206,206,206,66.88350786504455,69.84743689320388,-2.963929028159332,4.243432772903534,-15.76717696518303,9.079591267614509,OK,paired cohort meets minimum sample count,NO_DETECTED_DIFFERENCE,paired_observation_bootstrap_mean_absolute_error,1000,30
london_smartmeter,ridge,17,deterministic_baseline,0.0,unseen_entity,H13_PLUS,3564,3564,3564,3564,60.327816794359286,64.18591470258137,-3.8580979082220903,6.010817055578899,-6.35505775992312,-1.311016377717607,OK,paired cohort meets minimum sample count,MODEL_LOWER_MAE,paired_observation_bootstrap_mean_absolute_error,1000,30
london_smartmeter,ridge,29,deterministic_baseline,0.0,unseen_entity,H13_PLUS,3564,3564,3564,3564,60.327816794359286,64.18591470258137,-3.8580979082220903,6.010817055578899,-6.372343435822609,-1.3261659889664459,OK,paired cohort meets minimum sample count,MODEL_LOWER_MAE,paired_observation_bootstrap_mean_absolute_error,1000,30
london_smartmeter,ridge,43,deterministic_baseline,0.0,unseen_entity,H13_PLUS,3564,3564,3564,3564,60.327816794359286,64.18591470258137,-3.8580979082220903,6.010817055578899,-6.654189094019122,-1.283983875713825,OK,paired cohort meets minimum sample count,MODEL_LOWER_MAE,paired_observation_bootstrap_mean_absolute_error,1000,30
nrel_comstock,catboost,17,deterministic_baseline,,seen_entity,H00,0,0,0,0,,,,,,,NO_COMMON_COHORT,model and baseline have no successful predictions,NOT_TESTED,paired_observation_bootstrap_mean_absolute_error,1000,30
nrel_comstock,catboost,29,deterministic_baseline,,seen_entity,H00,0,0,0,0,,,,,,,NO_COMMON_COHORT,model and baseline have no successful predictions,NOT_TESTED,paired_observation_bootstrap_mean_absolute_error,1000,30
nrel_comstock,catboost,43,deterministic_baseline,,seen_entity,H00,0,0,0,0,,,,,,,NO_COMMON_COHORT,model and baseline have no successful predictions,NOT_TESTED,paired_observation_bootstrap_mean_absolute_error,1000,30
nrel_comstock,catboost,17,deterministic_baseline,,seen_entity,H01_02,0,0,0,0,,,,,,,NO_COMMON_COHORT,model and baseline have no successful predictions,NOT_TESTED,paired_observation_bootstrap_mean_absolute_error,1000,30
nrel_comstock,catboost,29,deterministic_baseline,,seen_entity,H01_02,0,0,0,0,,,,,,,NO_COMMON_COHORT,model and baseline have no successful predictions,NOT_TESTED,paired_observation_bootstrap_mean_absolute_error,1000,30
nrel_comstock,catboost,43,deterministic_baseline,,seen_entity,H01_02,0,0,0,0,,,,,,,NO_COMMON_COHORT,model and baseline have no successful predictions,NOT_TESTED,paired_observation_bootstrap_mean_absolute_error,1000,30
nrel_comstock,catboost,17,deterministic_baseline,,seen_entity,H03_05,0,0,0,0,,,,,,,NO_COMMON_COHORT,model and baseline have no successful predictions,NOT_TESTED,paired_observation_bootstrap_mean_absolute_error,1000,30
nrel_comstock,catboost,29,deterministic_baseline,,seen_entity,H03_05,0,0,0,0,,,,,,,NO_COMMON_COHORT,model and baseline have no successful predictions,NOT_TESTED,paired_observation_bootstrap_mean_absolute_error,1000,30
nrel_comstock,catboost,43,deterministic_baseline,,seen_entity,H03_05,0,0,0,0,,,,,,,NO_COMMON_COHORT,model and baseline have no successful predictions,NOT_TESTED,paired_observation_bootstrap_mean_absolute_error,1000,30
nrel_comstock,catboost,17,deterministic_baseline,0.0,seen_entity,H06_12,40,40,40,40,5634.145599366746,3945.486667500001,1688.6589318667452,-42.799762720697224,581.4605398221936,3072.27787103812,OK,paired cohort meets minimum sample count,BASELINE_LOWER_MAE,paired_observation_bootstrap_mean_absolute_error,1000,30
nrel_comstock,catboost,29,deterministic_baseline,0.0,seen_entity,H06_12,40,40,40,40,5661.700807727155,3945.486667500001,1716.214140227154,-43.498160933201355,590.316666890977,3162.6305104846824,OK,paired cohort meets minimum sample count,BASELINE_LOWER_MAE,paired_observation_bootstrap_mean_absolute_error,1000,30
nrel_comstock,catboost,43,deterministic_baseline,0.0,seen_entity,H06_12,40,40,40,40,5378.164047167898,3945.486667500001,1432.6773796678983,-36.3118038509478,357.9590332069895,2623.669883312247,OK,paired cohort meets minimum sample count,BASELINE_LOWER_MAE,paired_observation_bootstrap_mean_absolute_error,1000,30
nrel_comstock,catboost,17,deterministic_baseline,,seen_entity,H13_PLUS,0,0,0,0,,,,,,,NO_COMMON_COHORT,model and baseline have no successful predictions,NOT_TESTED,paired_observation_bootstrap_mean_absolute_error,1000,30
nrel_comstock,catboost,29,deterministic_baseline,,seen_entity,H13_PLUS,0,0,0,0,,,,,,,NO_COMMON_COHORT,model and baseline have no successful predictions,NOT_TESTED,paired_observation_bootstrap_mean_absolute_error,1000,30
nrel_comstock,catboost,43,deterministic_baseline,,seen_entity,H13_PLUS,0,0,0,0,,,,,,,NO_COMMON_COHORT,model and baseline have no successful predictions,NOT_TESTED,paired_observation_bootstrap_mean_absolute_error,1000,30
nrel_comstock,catboost,17,deterministic_baseline,,unseen_entity,H00,0,0,0,0,,,,,,,NO_COMMON_COHORT,model and baseline have no successful predictions,NOT_TESTED,paired_observation_bootstrap_mean_absolute_error,1000,30
nrel_comstock,catboost,29,deterministic_baseline,,unseen_entity,H00,0,0,0,0,,,,,,,NO_COMMON_COHORT,model and baseline have no successful predictions,NOT_TESTED,paired_observation_bootstrap_mean_absolute_error,1000,30
nrel_comstock,catboost,43,deterministic_baseline,,unseen_entity,H00,0,0,0,0,,,,,,,NO_COMMON_COHORT,model and baseline have no successful predictions,NOT_TESTED,paired_observation_bootstrap_mean_absolute_error,1000,30
nrel_comstock,catboost,17,deterministic_baseline,,unseen_entity,H01_02,0,0,0,0,,,,,,,NO_COMMON_COHORT,model and baseline have no successful predictions,NOT_TESTED,paired_observation_bootstrap_mean_absolute_error,1000,30
nrel_comstock,catboost,29,deterministic_baseline,,unseen_entity,H01_02,0,0,0,0,,,,,,,NO_COMMON_COHORT,model and baseline have no successful predictions,NOT_TESTED,paired_observation_bootstrap_mean_absolute_error,1000,30
nrel_comstock,catboost,43,deterministic_baseline,,unseen_entity,H01_02,0,0,0,0,,,,,,,NO_COMMON_COHORT,model and baseline have no successful predictions,NOT_TESTED,paired_observation_bootstrap_mean_absolute_error,1000,30
nrel_comstock,catboost,17,deterministic_baseline,,unseen_entity,H03_05,0,0,0,0,,,,,,,NO_COMMON_COHORT,model and baseline have no successful predictions,NOT_TESTED,paired_observation_bootstrap_mean_absolute_error,1000,30
nrel_comstock,catboost,29,deterministic_baseline,,unseen_entity,H03_05,0,0,0,0,,,,,,,NO_COMMON_COHORT,model and baseline have no successful predictions,NOT_TESTED,paired_observation_bootstrap_mean_absolute_error,1000,30
nrel_comstock,catboost,43,deterministic_baseline,,unseen_entity,H03_05,0,0,0,0,,,,,,,NO_COMMON_COHORT,model and baseline have no successful predictions,NOT_TESTED,paired_observation_bootstrap_mean_absolute_error,1000,30
nrel_comstock,catboost,17,deterministic_baseline,0.0,unseen_entity,H06_12,6,6,6,6,18745.781012296018,11486.305733333333,7259.475278962686,-63.20113226566521,,,INSUFFICIENT_SAMPLE,paired count 6 is below minimum 30,NOT_TESTED,paired_observation_bootstrap_mean_absolute_error,1000,30
nrel_comstock,catboost,29,deterministic_baseline,0.0,unseen_entity,H06_12,6,6,6,6,17628.84450446958,11486.305733333333,6142.538771136245,-53.47706141331899,,,INSUFFICIENT_SAMPLE,paired count 6 is below minimum 30,NOT_TESTED,paired_observation_bootstrap_mean_absolute_error,1000,30
nrel_comstock,catboost,43,deterministic_baseline,0.0,unseen_entity,H06_12,6,6,6,6,19043.651951734104,11486.305733333333,7557.34621840077,-65.79440242887932,,,INSUFFICIENT_SAMPLE,paired count 6 is below minimum 30,NOT_TESTED,paired_observation_bootstrap_mean_absolute_error,1000,30
nrel_comstock,catboost,17,deterministic_baseline,,unseen_entity,H13_PLUS,0,0,0,0,,,,,,,NO_COMMON_COHORT,model and baseline have no successful predictions,NOT_TESTED,paired_observation_bootstrap_mean_absolute_error,1000,30
nrel_comstock,catboost,29,deterministic_baseline,,unseen_entity,H13_PLUS,0,0,0,0,,,,,,,NO_COMMON_COHORT,model and baseline have no successful predictions,NOT_TESTED,paired_observation_bootstrap_mean_absolute_error,1000,30
nrel_comstock,catboost,43,deterministic_baseline,,unseen_entity,H13_PLUS,0,0,0,0,,,,,,,NO_COMMON_COHORT,model and baseline have no successful predictions,NOT_TESTED,paired_observation_bootstrap_mean_absolute_error,1000,30
nrel_comstock,deepar,17,deterministic_baseline,,seen_entity,H00,0,0,0,0,,,,,,,NO_COMMON_COHORT,model and baseline have no successful predictions,NOT_TESTED,paired_observation_bootstrap_mean_absolute_error,1000,30
nrel_comstock,deepar,29,deterministic_baseline,,seen_entity,H00,0,0,0,0,,,,,,,NO_COMMON_COHORT,model and baseline have no successful predictions,NOT_TESTED,paired_observation_bootstrap_mean_absolute_error,1000,30
nrel_comstock,deepar,43,deterministic_baseline,,seen_entity,H00,0,0,0,0,,,,,,,NO_COMMON_COHORT,model and baseline have no successful predictions,NOT_TESTED,paired_observation_bootstrap_mean_absolute_error,1000,30
nrel_comstock,deepar,17,deterministic_baseline,,seen_entity,H01_02,0,0,0,0,,,,,,,NO_COMMON_COHORT,model and baseline have no successful predictions,NOT_TESTED,paired_observation_bootstrap_mean_absolute_error,1000,30
nrel_comstock,deepar,29,deterministic_baseline,,seen_entity,H01_02,0,0,0,0,,,,,,,NO_COMMON_COHORT,model and baseline have no successful predictions,NOT_TESTED,paired_observation_bootstrap_mean_absolute_error,1000,30
nrel_comstock,deepar,43,deterministic_baseline,,seen_entity,H01_02,0,0,0,0,,,,,,,NO_COMMON_COHORT,model and baseline have no successful predictions,NOT_TESTED,paired_observation_bootstrap_mean_absolute_error,1000,30
nrel_comstock,deepar,17,deterministic_baseline,,seen_entity,H03_05,0,0,0,0,,,,,,,NO_COMMON_COHORT,model and baseline have no successful predictions,NOT_TESTED,paired_observation_bootstrap_mean_absolute_error,1000,30
nrel_comstock,deepar,29,deterministic_baseline,,seen_entity,H03_05,0,0,0,0,,,,,,,NO_COMMON_COHORT,model and baseline have no successful predictions,NOT_TESTED,paired_observation_bootstrap_mean_absolute_error,1000,30
nrel_comstock,deepar,43,deterministic_baseline,,seen_entity,H03_05,0,0,0,0,,,,,,,NO_COMMON_COHORT,model and baseline have no successful predictions,NOT_TESTED,paired_observation_bootstrap_mean_absolute_error,1000,30
nrel_comstock,deepar,17,deterministic_baseline,0.0,seen_entity,H06_12,0,40,0,0,,,,,,,NO_COMMON_COHORT,model has no successful predictions,NOT_TESTED,paired_observation_bootstrap_mean_absolute_error,1000,30
nrel_comstock,deepar,29,deterministic_baseline,0.0,seen_entity,H06_12,0,40,0,0,,,,,,,NO_COMMON_COHORT,model has no successful predictions,NOT_TESTED,paired_observation_bootstrap_mean_absolute_error,1000,30
nrel_comstock,deepar,43,deterministic_baseline,0.0,seen_entity,H06_12,0,40,0,0,,,,,,,NO_COMMON_COHORT,model has no successful predictions,NOT_TESTED,paired_observation_bootstrap_mean_absolute_error,1000,30
nrel_comstock,deepar,17,deterministic_baseline,,seen_entity,H13_PLUS,0,0,0,0,,,,,,,NO_COMMON_COHORT,model and baseline have no successful predictions,NOT_TESTED,paired_observation_bootstrap_mean_absolute_error,1000,30
nrel_comstock,deepar,29,deterministic_baseline,,seen_entity,H13_PLUS,0,0,0,0,,,,,,,NO_COMMON_COHORT,model and baseline have no successful predictions,NOT_TESTED,paired_observation_bootstrap_mean_absolute_error,1000,30
nrel_comstock,deepar,43,deterministic_baseline,,seen_entity,H13_PLUS,0,0,0,0,,,,,,,NO_COMMON_COHORT,model and baseline have no successful predictions,NOT_TESTED,paired_observation_bootstrap_mean_absolute_error,1000,30
nrel_comstock,deepar,17,deterministic_baseline,,unseen_entity,H00,0,0,0,0,,,,,,,NO_COMMON_COHORT,model and baseline have no successful predictions,NOT_TESTED,paired_observation_bootstrap_mean_absolute_error,1000,30
nrel_comstock,deepar,29,deterministic_baseline,,unseen_entity,H00,0,0,0,0,,,,,,,NO_COMMON_COHORT,model and baseline have no successful predictions,NOT_TESTED,paired_observation_bootstrap_mean_absolute_error,1000,30
nrel_comstock,deepar,43,deterministic_baseline,,unseen_entity,H00,0,0,0,0,,,,,,,NO_COMMON_COHORT,model and baseline have no successful predictions,NOT_TESTED,paired_observation_bootstrap_mean_absolute_error,1000,30
nrel_comstock,deepar,17,deterministic_baseline,,unseen_entity,H01_02,0,0,0,0,,,,,,,NO_COMMON_COHORT,model and baseline have no successful predictions,NOT_TESTED,paired_observation_bootstrap_mean_absolute_error,1000,30
nrel_comstock,deepar,29,deterministic_baseline,,unseen_entity,H01_02,0,0,0,0,,,,,,,NO_COMMON_COHORT,model and baseline have no successful predictions,NOT_TESTED,paired_observation_bootstrap_mean_absolute_error,1000,30
nrel_comstock,deepar,43,deterministic_baseline,,unseen_entity,H01_02,0,0,0,0,,,,,,,NO_COMMON_COHORT,model and baseline have no successful predictions,NOT_TESTED,paired_observation_bootstrap_mean_absolute_error,1000,30
nrel_comstock,deepar,17,deterministic_baseline,,unseen_entity,H03_05,0,0,0,0,,,,,,,NO_COMMON_COHORT,model and baseline have no successful predictions,NOT_TESTED,paired_observation_bootstrap_mean_absolute_error,1000,30
nrel_comstock,deepar,29,deterministic_baseline,,unseen_entity,H03_05,0,0,0,0,,,,,,,NO_COMMON_COHORT,model and baseline have no successful predictions,NOT_TESTED,paired_observation_bootstrap_mean_absolute_error,1000,30
nrel_comstock,deepar,43,deterministic_baseline,,unseen_entity,H03_05,0,0,0,0,,,,,,,NO_COMMON_COHORT,model and baseline have no successful predictions,NOT_TESTED,paired_observation_bootstrap_mean_absolute_error,1000,30
nrel_comstock,deepar,17,deterministic_baseline,0.0,unseen_entity,H06_12,0,6,0,0,,,,,,,NO_COMMON_COHORT,model has no successful predictions,NOT_TESTED,paired_observation_bootstrap_mean_absolute_error,1000,30
nrel_comstock,deepar,29,deterministic_baseline,0.0,unseen_entity,H06_12,0,6,0,0,,,,,,,NO_COMMON_COHORT,model has no successful predictions,NOT_TESTED,paired_observation_bootstrap_mean_absolute_error,1000,30
nrel_comstock,deepar,43,deterministic_baseline,0.0,unseen_entity,H06_12,0,6,0,0,,,,,,,NO_COMMON_COHORT,model has no successful predictions,NOT_TESTED,paired_observation_bootstrap_mean_absolute_error,1000,30
nrel_comstock,deepar,17,deterministic_baseline,,unseen_entity,H13_PLUS,0,0,0,0,,,,,,,NO_COMMON_COHORT,model and baseline have no successful predictions,NOT_TESTED,paired_observation_bootstrap_mean_absolute_error,1000,30
nrel_comstock,deepar,29,deterministic_baseline,,unseen_entity,H13_PLUS,0,0,0,0,,,,,,,NO_COMMON_COHORT,model and baseline have no successful predictions,NOT_TESTED,paired_observation_bootstrap_mean_absolute_error,1000,30
nrel_comstock,deepar,43,deterministic_baseline,,unseen_entity,H13_PLUS,0,0,0,0,,,,,,,NO_COMMON_COHORT,model and baseline have no successful predictions,NOT_TESTED,paired_observation_bootstrap_mean_absolute_error,1000,30
nrel_comstock,gradient_boosting,17,deterministic_baseline,,seen_entity,H00,0,0,0,0,,,,,,,NO_COMMON_COHORT,model and baseline have no successful predictions,NOT_TESTED,paired_observation_bootstrap_mean_absolute_error,1000,30
nrel_comstock,gradient_boosting,29,deterministic_baseline,,seen_entity,H00,0,0,0,0,,,,,,,NO_COMMON_COHORT,model and baseline have no successful predictions,NOT_TESTED,paired_observation_bootstrap_mean_absolute_error,1000,30
nrel_comstock,gradient_boosting,43,deterministic_baseline,,seen_entity,H00,0,0,0,0,,,,,,,NO_COMMON_COHORT,model and baseline have no successful predictions,NOT_TESTED,paired_observation_bootstrap_mean_absolute_error,1000,30
nrel_comstock,gradient_boosting,17,deterministic_baseline,,seen_entity,H01_02,0,0,0,0,,,,,,,NO_COMMON_COHORT,model and baseline have no successful predictions,NOT_TESTED,paired_observation_bootstrap_mean_absolute_error,1000,30
nrel_comstock,gradient_boosting,29,deterministic_baseline,,seen_entity,H01_02,0,0,0,0,,,,,,,NO_COMMON_COHORT,model and baseline have no successful predictions,NOT_TESTED,paired_observation_bootstrap_mean_absolute_error,1000,30
nrel_comstock,gradient_boosting,43,deterministic_baseline,,seen_entity,H01_02,0,0,0,0,,,,,,,NO_COMMON_COHORT,model and baseline have no successful predictions,NOT_TESTED,paired_observation_bootstrap_mean_absolute_error,1000,30
nrel_comstock,gradient_boosting,17,deterministic_baseline,,seen_entity,H03_05,0,0,0,0,,,,,,,NO_COMMON_COHORT,model and baseline have no successful predictions,NOT_TESTED,paired_observation_bootstrap_mean_absolute_error,1000,30
nrel_comstock,gradient_boosting,29,deterministic_baseline,,seen_entity,H03_05,0,0,0,0,,,,,,,NO_COMMON_COHORT,model and baseline have no successful predictions,NOT_TESTED,paired_observation_bootstrap_mean_absolute_error,1000,30
nrel_comstock,gradient_boosting,43,deterministic_baseline,,seen_entity,H03_05,0,0,0,0,,,,,,,NO_COMMON_COHORT,model and baseline have no successful predictions,NOT_TESTED,paired_observation_bootstrap_mean_absolute_error,1000,30
nrel_comstock,gradient_boosting,17,deterministic_baseline,0.0,seen_entity,H06_12,40,40,40,40,5415.443385712702,3945.486667500001,1469.9567182127023,-37.25666418597018,56.35409314593641,3308.833282528589,OK,paired cohort meets minimum sample count,BASELINE_LOWER_MAE,paired_observation_bootstrap_mean_absolute_error,1000,30
nrel_comstock,gradient_boosting,29,deterministic_baseline,0.0,seen_entity,H06_12,40,40,40,40,5451.413654113001,3945.486667500001,1505.9269866130007,-38.1683455939089,78.56992008315697,3348.2664683863527,OK,paired cohort meets minimum sample count,BASELINE_LOWER_MAE,paired_observation_bootstrap_mean_absolute_error,1000,30
nrel_comstock,gradient_boosting,43,deterministic_baseline,0.0,seen_entity,H06_12,40,40,40,40,5350.76220777022,3945.486667500001,1405.2755402702192,-35.61729283857017,-135.8411631496009,3316.268148763079,OK,paired cohort meets minimum sample count,NO_DETECTED_DIFFERENCE,paired_observation_bootstrap_mean_absolute_error,1000,30
nrel_comstock,gradient_boosting,17,deterministic_baseline,,seen_entity,H13_PLUS,0,0,0,0,,,,,,,NO_COMMON_COHORT,model and baseline have no successful predictions,NOT_TESTED,paired_observation_bootstrap_mean_absolute_error,1000,30
nrel_comstock,gradient_boosting,29,deterministic_baseline,,seen_entity,H13_PLUS,0,0,0,0,,,,,,,NO_COMMON_COHORT,model and baseline have no successful predictions,NOT_TESTED,paired_observation_bootstrap_mean_absolute_error,1000,30
nrel_comstock,gradient_boosting,43,deterministic_baseline,,seen_entity,H13_PLUS,0,0,0,0,,,,,,,NO_COMMON_COHORT,model and baseline have no successful predictions,NOT_TESTED,paired_observation_bootstrap_mean_absolute_error,1000,30
nrel_comstock,gradient_boosting,17,deterministic_baseline,,unseen_entity,H00,0,0,0,0,,,,,,,NO_COMMON_COHORT,model and baseline have no successful predictions,NOT_TESTED,paired_observation_bootstrap_mean_absolute_error,1000,30
nrel_comstock,gradient_boosting,29,deterministic_baseline,,unseen_entity,H00,0,0,0,0,,,,,,,NO_COMMON_COHORT,model and baseline have no successful predictions,NOT_TESTED,paired_observation_bootstrap_mean_absolute_error,1000,30
nrel_comstock,gradient_boosting,43,deterministic_baseline,,unseen_entity,H00,0,0,0,0,,,,,,,NO_COMMON_COHORT,model and baseline have no successful predictions,NOT_TESTED,paired_observation_bootstrap_mean_absolute_error,1000,30
nrel_comstock,gradient_boosting,17,deterministic_baseline,,unseen_entity,H01_02,0,0,0,0,,,,,,,NO_COMMON_COHORT,model and baseline have no successful predictions,NOT_TESTED,paired_observation_bootstrap_mean_absolute_error,1000,30
nrel_comstock,gradient_boosting,29,deterministic_baseline,,unseen_entity,H01_02,0,0,0,0,,,,,,,NO_COMMON_COHORT,model and baseline have no successful predictions,NOT_TESTED,paired_observation_bootstrap_mean_absolute_error,1000,30
nrel_comstock,gradient_boosting,43,deterministic_baseline,,unseen_entity,H01_02,0,0,0,0,,,,,,,NO_COMMON_COHORT,model and baseline have no successful predictions,NOT_TESTED,paired_observation_bootstrap_mean_absolute_error,1000,30
nrel_comstock,gradient_boosting,17,deterministic_baseline,,unseen_entity,H03_05,0,0,0,0,,,,,,,NO_COMMON_COHORT,model and baseline have no successful predictions,NOT_TESTED,paired_observation_bootstrap_mean_absolute_error,1000,30
nrel_comstock,gradient_boosting,29,deterministic_baseline,,unseen_entity,H03_05,0,0,0,0,,,,,,,NO_COMMON_COHORT,model and baseline have no successful predictions,NOT_TESTED,paired_observation_bootstrap_mean_absolute_error,1000,30
nrel_comstock,gradient_boosting,43,deterministic_baseline,,unseen_entity,H03_05,0,0,0,0,,,,,,,NO_COMMON_COHORT,model and baseline have no successful predictions,NOT_TESTED,paired_observation_bootstrap_mean_absolute_error,1000,30
nrel_comstock,gradient_boosting,17,deterministic_baseline,0.0,unseen_entity,H06_12,6,6,6,6,12833.868259461946,11486.305733333333,1347.5625261286116,-11.731905430812086,,,INSUFFICIENT_SAMPLE,paired count 6 is below minimum 30,NOT_TESTED,paired_observation_bootstrap_mean_absolute_error,1000,30
nrel_comstock,gradient_boosting,29,deterministic_baseline,0.0,unseen_entity,H06_12,6,6,6,6,12823.257691720091,11486.305733333333,1336.951958386758,-11.63952962271338,,,INSUFFICIENT_SAMPLE,paired count 6 is below minimum 30,NOT_TESTED,paired_observation_bootstrap_mean_absolute_error,1000,30
nrel_comstock,gradient_boosting,43,deterministic_baseline,0.0,unseen_entity,H06_12,6,6,6,6,12814.173350283609,11486.305733333333,1327.8676169502767,-11.56044117036512,,,INSUFFICIENT_SAMPLE,paired count 6 is below minimum 30,NOT_TESTED,paired_observation_bootstrap_mean_absolute_error,1000,30
nrel_comstock,gradient_boosting,17,deterministic_baseline,,unseen_entity,H13_PLUS,0,0,0,0,,,,,,,NO_COMMON_COHORT,model and baseline have no successful predictions,NOT_TESTED,paired_observation_bootstrap_mean_absolute_error,1000,30
nrel_comstock,gradient_boosting,29,deterministic_baseline,,unseen_entity,H13_PLUS,0,0,0,0,,,,,,,NO_COMMON_COHORT,model and baseline have no successful predictions,NOT_TESTED,paired_observation_bootstrap_mean_absolute_error,1000,30
nrel_comstock,gradient_boosting,43,deterministic_baseline,,unseen_entity,H13_PLUS,0,0,0,0,,,,,,,NO_COMMON_COHORT,model and baseline have no successful predictions,NOT_TESTED,paired_observation_bootstrap_mean_absolute_error,1000,30
nrel_comstock,lightgbm,17,deterministic_baseline,,seen_entity,H00,0,0,0,0,,,,,,,NO_COMMON_COHORT,model and baseline have no successful predictions,NOT_TESTED,paired_observation_bootstrap_mean_absolute_error,1000,30
nrel_comstock,lightgbm,29,deterministic_baseline,,seen_entity,H00,0,0,0,0,,,,,,,NO_COMMON_COHORT,model and baseline have no successful predictions,NOT_TESTED,paired_observation_bootstrap_mean_absolute_error,1000,30
nrel_comstock,lightgbm,43,deterministic_baseline,,seen_entity,H00,0,0,0,0,,,,,,,NO_COMMON_COHORT,model and baseline have no successful predictions,NOT_TESTED,paired_observation_bootstrap_mean_absolute_error,1000,30
nrel_comstock,lightgbm,17,deterministic_baseline,,seen_entity,H01_02,0,0,0,0,,,,,,,NO_COMMON_COHORT,model and baseline have no successful predictions,NOT_TESTED,paired_observation_bootstrap_mean_absolute_error,1000,30
nrel_comstock,lightgbm,29,deterministic_baseline,,seen_entity,H01_02,0,0,0,0,,,,,,,NO_COMMON_COHORT,model and baseline have no successful predictions,NOT_TESTED,paired_observation_bootstrap_mean_absolute_error,1000,30
nrel_comstock,lightgbm,43,deterministic_baseline,,seen_entity,H01_02,0,0,0,0,,,,,,,NO_COMMON_COHORT,model and baseline have no successful predictions,NOT_TESTED,paired_observation_bootstrap_mean_absolute_error,1000,30
nrel_comstock,lightgbm,17,deterministic_baseline,,seen_entity,H03_05,0,0,0,0,,,,,,,NO_COMMON_COHORT,model and baseline have no successful predictions,NOT_TESTED,paired_observation_bootstrap_mean_absolute_error,1000,30
nrel_comstock,lightgbm,29,deterministic_baseline,,seen_entity,H03_05,0,0,0,0,,,,,,,NO_COMMON_COHORT,model and baseline have no successful predictions,NOT_TESTED,paired_observation_bootstrap_mean_absolute_error,1000,30
nrel_comstock,lightgbm,43,deterministic_baseline,,seen_entity,H03_05,0,0,0,0,,,,,,,NO_COMMON_COHORT,model and baseline have no successful predictions,NOT_TESTED,paired_observation_bootstrap_mean_absolute_error,1000,30
nrel_comstock,lightgbm,17,deterministic_baseline,0.0,seen_entity,H06_12,40,40,40,40,6345.97621955761,3945.486667500001,2400.4895520576097,-60.84140574675021,488.2279706969905,4525.689518789702,OK,paired cohort meets minimum sample count,BASELINE_LOWER_MAE,paired_observation_bootstrap_mean_absolute_error,1000,30
nrel_comstock,lightgbm,29,deterministic_baseline,0.0,seen_entity,H06_12,40,40,40,40,6463.437282025397,3945.486667500001,2517.9506145253954,-63.81850521169945,706.308270041321,4866.5324953657855,OK,paired cohort meets minimum sample count,BASELINE_LOWER_MAE,paired_observation_bootstrap_mean_absolute_error,1000,30
nrel_comstock,lightgbm,43,deterministic_baseline,0.0,seen_entity,H06_12,40,40,40,40,6355.609690413417,3945.486667500001,2410.123022913417,-61.08557007089204,485.95438449467696,4743.837427406724,OK,paired cohort meets minimum sample count,BASELINE_LOWER_MAE,paired_observation_bootstrap_mean_absolute_error,1000,30
nrel_comstock,lightgbm,17,deterministic_baseline,,seen_entity,H13_PLUS,0,0,0,0,,,,,,,NO_COMMON_COHORT,model and baseline have no successful predictions,NOT_TESTED,paired_observation_bootstrap_mean_absolute_error,1000,30
nrel_comstock,lightgbm,29,deterministic_baseline,,seen_entity,H13_PLUS,0,0,0,0,,,,,,,NO_COMMON_COHORT,model and baseline have no successful predictions,NOT_TESTED,paired_observation_bootstrap_mean_absolute_error,1000,30
nrel_comstock,lightgbm,43,deterministic_baseline,,seen_entity,H13_PLUS,0,0,0,0,,,,,,,NO_COMMON_COHORT,model and baseline have no successful predictions,NOT_TESTED,paired_observation_bootstrap_mean_absolute_error,1000,30
nrel_comstock,lightgbm,17,deterministic_baseline,,unseen_entity,H00,0,0,0,0,,,,,,,NO_COMMON_COHORT,model and baseline have no successful predictions,NOT_TESTED,paired_observation_bootstrap_mean_absolute_error,1000,30
nrel_comstock,lightgbm,29,deterministic_baseline,,unseen_entity,H00,0,0,0,0,,,,,,,NO_COMMON_COHORT,model and baseline have no successful predictions,NOT_TESTED,paired_observation_bootstrap_mean_absolute_error,1000,30
nrel_comstock,lightgbm,43,deterministic_baseline,,unseen_entity,H00,0,0,0,0,,,,,,,NO_COMMON_COHORT,model and baseline have no successful predictions,NOT_TESTED,paired_observation_bootstrap_mean_absolute_error,1000,30
nrel_comstock,lightgbm,17,deterministic_baseline,,unseen_entity,H01_02,0,0,0,0,,,,,,,NO_COMMON_COHORT,model and baseline have no successful predictions,NOT_TESTED,paired_observation_bootstrap_mean_absolute_error,1000,30
nrel_comstock,lightgbm,29,deterministic_baseline,,unseen_entity,H01_02,0,0,0,0,,,,,,,NO_COMMON_COHORT,model and baseline have no successful predictions,NOT_TESTED,paired_observation_bootstrap_mean_absolute_error,1000,30
nrel_comstock,lightgbm,43,deterministic_baseline,,unseen_entity,H01_02,0,0,0,0,,,,,,,NO_COMMON_COHORT,model and baseline have no successful predictions,NOT_TESTED,paired_observation_bootstrap_mean_absolute_error,1000,30
nrel_comstock,lightgbm,17,deterministic_baseline,,unseen_entity,H03_05,0,0,0,0,,,,,,,NO_COMMON_COHORT,model and baseline have no successful predictions,NOT_TESTED,paired_observation_bootstrap_mean_absolute_error,1000,30
nrel_comstock,lightgbm,29,deterministic_baseline,,unseen_entity,H03_05,0,0,0,0,,,,,,,NO_COMMON_COHORT,model and baseline have no successful predictions,NOT_TESTED,paired_observation_bootstrap_mean_absolute_error,1000,30
nrel_comstock,lightgbm,43,deterministic_baseline,,unseen_entity,H03_05,0,0,0,0,,,,,,,NO_COMMON_COHORT,model and baseline have no successful predictions,NOT_TESTED,paired_observation_bootstrap_mean_absolute_error,1000,30
nrel_comstock,lightgbm,17,deterministic_baseline,0.0,unseen_entity,H06_12,6,6,6,6,24780.570290402906,11486.305733333333,13294.264557069575,-115.7401245074779,,,INSUFFICIENT_SAMPLE,paired count 6 is below minimum 30,NOT_TESTED,paired_observation_bootstrap_mean_absolute_error,1000,30
nrel_comstock,lightgbm,29,deterministic_baseline,0.0,unseen_entity,H06_12,6,6,6,6,20872.788664871565,11486.305733333333,9386.48293153823,-81.7189020513236,,,INSUFFICIENT_SAMPLE,paired count 6 is below minimum 30,NOT_TESTED,paired_observation_bootstrap_mean_absolute_error,1000,30
nrel_comstock,lightgbm,43,deterministic_baseline,0.0,unseen_entity,H06_12,6,6,6,6,24336.275686884608,11486.305733333333,12849.969953551272,-111.87208709115744,,,INSUFFICIENT_SAMPLE,paired count 6 is below minimum 30,NOT_TESTED,paired_observation_bootstrap_mean_absolute_error,1000,30
nrel_comstock,lightgbm,17,deterministic_baseline,,unseen_entity,H13_PLUS,0,0,0,0,,,,,,,NO_COMMON_COHORT,model and baseline have no successful predictions,NOT_TESTED,paired_observation_bootstrap_mean_absolute_error,1000,30
nrel_comstock,lightgbm,29,deterministic_baseline,,unseen_entity,H13_PLUS,0,0,0,0,,,,,,,NO_COMMON_COHORT,model and baseline have no successful predictions,NOT_TESTED,paired_observation_bootstrap_mean_absolute_error,1000,30
nrel_comstock,lightgbm,43,deterministic_baseline,,unseen_entity,H13_PLUS,0,0,0,0,,,,,,,NO_COMMON_COHORT,model and baseline have no successful predictions,NOT_TESTED,paired_observation_bootstrap_mean_absolute_error,1000,30
nrel_comstock,nbeats,17,deterministic_baseline,,seen_entity,H00,0,0,0,0,,,,,,,NO_COMMON_COHORT,model and baseline have no successful predictions,NOT_TESTED,paired_observation_bootstrap_mean_absolute_error,1000,30
nrel_comstock,nbeats,29,deterministic_baseline,,seen_entity,H00,0,0,0,0,,,,,,,NO_COMMON_COHORT,model and baseline have no successful predictions,NOT_TESTED,paired_observation_bootstrap_mean_absolute_error,1000,30
nrel_comstock,nbeats,43,deterministic_baseline,,seen_entity,H00,0,0,0,0,,,,,,,NO_COMMON_COHORT,model and baseline have no successful predictions,NOT_TESTED,paired_observation_bootstrap_mean_absolute_error,1000,30
nrel_comstock,nbeats,17,deterministic_baseline,,seen_entity,H01_02,0,0,0,0,,,,,,,NO_COMMON_COHORT,model and baseline have no successful predictions,NOT_TESTED,paired_observation_bootstrap_mean_absolute_error,1000,30
nrel_comstock,nbeats,29,deterministic_baseline,,seen_entity,H01_02,0,0,0,0,,,,,,,NO_COMMON_COHORT,model and baseline have no successful predictions,NOT_TESTED,paired_observation_bootstrap_mean_absolute_error,1000,30
nrel_comstock,nbeats,43,deterministic_baseline,,seen_entity,H01_02,0,0,0,0,,,,,,,NO_COMMON_COHORT,model and baseline have no successful predictions,NOT_TESTED,paired_observation_bootstrap_mean_absolute_error,1000,30
nrel_comstock,nbeats,17,deterministic_baseline,,seen_entity,H03_05,0,0,0,0,,,,,,,NO_COMMON_COHORT,model and baseline have no successful predictions,NOT_TESTED,paired_observation_bootstrap_mean_absolute_error,1000,30
nrel_comstock,nbeats,29,deterministic_baseline,,seen_entity,H03_05,0,0,0,0,,,,,,,NO_COMMON_COHORT,model and baseline have no successful predictions,NOT_TESTED,paired_observation_bootstrap_mean_absolute_error,1000,30
nrel_comstock,nbeats,43,deterministic_baseline,,seen_entity,H03_05,0,0,0,0,,,,,,,NO_COMMON_COHORT,model and baseline have no successful predictions,NOT_TESTED,paired_observation_bootstrap_mean_absolute_error,1000,30
nrel_comstock,nbeats,17,deterministic_baseline,0.0,seen_entity,H06_12,0,40,0,0,,,,,,,NO_COMMON_COHORT,model has no successful predictions,NOT_TESTED,paired_observation_bootstrap_mean_absolute_error,1000,30
nrel_comstock,nbeats,29,deterministic_baseline,0.0,seen_entity,H06_12,0,40,0,0,,,,,,,NO_COMMON_COHORT,model has no successful predictions,NOT_TESTED,paired_observation_bootstrap_mean_absolute_error,1000,30
nrel_comstock,nbeats,43,deterministic_baseline,0.0,seen_entity,H06_12,0,40,0,0,,,,,,,NO_COMMON_COHORT,model has no successful predictions,NOT_TESTED,paired_observation_bootstrap_mean_absolute_error,1000,30
nrel_comstock,nbeats,17,deterministic_baseline,,seen_entity,H13_PLUS,0,0,0,0,,,,,,,NO_COMMON_COHORT,model and baseline have no successful predictions,NOT_TESTED,paired_observation_bootstrap_mean_absolute_error,1000,30
nrel_comstock,nbeats,29,deterministic_baseline,,seen_entity,H13_PLUS,0,0,0,0,,,,,,,NO_COMMON_COHORT,model and baseline have no successful predictions,NOT_TESTED,paired_observation_bootstrap_mean_absolute_error,1000,30
nrel_comstock,nbeats,43,deterministic_baseline,,seen_entity,H13_PLUS,0,0,0,0,,,,,,,NO_COMMON_COHORT,model and baseline have no successful predictions,NOT_TESTED,paired_observation_bootstrap_mean_absolute_error,1000,30
nrel_comstock,nbeats,17,deterministic_baseline,,unseen_entity,H00,0,0,0,0,,,,,,,NO_COMMON_COHORT,model and baseline have no successful predictions,NOT_TESTED,paired_observation_bootstrap_mean_absolute_error,1000,30
nrel_comstock,nbeats,29,deterministic_baseline,,unseen_entity,H00,0,0,0,0,,,,,,,NO_COMMON_COHORT,model and baseline have no successful predictions,NOT_TESTED,paired_observation_bootstrap_mean_absolute_error,1000,30
nrel_comstock,nbeats,43,deterministic_baseline,,unseen_entity,H00,0,0,0,0,,,,,,,NO_COMMON_COHORT,model and baseline have no successful predictions,NOT_TESTED,paired_observation_bootstrap_mean_absolute_error,1000,30
nrel_comstock,nbeats,17,deterministic_baseline,,unseen_entity,H01_02,0,0,0,0,,,,,,,NO_COMMON_COHORT,model and baseline have no successful predictions,NOT_TESTED,paired_observation_bootstrap_mean_absolute_error,1000,30
nrel_comstock,nbeats,29,deterministic_baseline,,unseen_entity,H01_02,0,0,0,0,,,,,,,NO_COMMON_COHORT,model and baseline have no successful predictions,NOT_TESTED,paired_observation_bootstrap_mean_absolute_error,1000,30
nrel_comstock,nbeats,43,deterministic_baseline,,unseen_entity,H01_02,0,0,0,0,,,,,,,NO_COMMON_COHORT,model and baseline have no successful predictions,NOT_TESTED,paired_observation_bootstrap_mean_absolute_error,1000,30
nrel_comstock,nbeats,17,deterministic_baseline,,unseen_entity,H03_05,0,0,0,0,,,,,,,NO_COMMON_COHORT,model and baseline have no successful predictions,NOT_TESTED,paired_observation_bootstrap_mean_absolute_error,1000,30
nrel_comstock,nbeats,29,deterministic_baseline,,unseen_entity,H03_05,0,0,0,0,,,,,,,NO_COMMON_COHORT,model and baseline have no successful predictions,NOT_TESTED,paired_observation_bootstrap_mean_absolute_error,1000,30
nrel_comstock,nbeats,43,deterministic_baseline,,unseen_entity,H03_05,0,0,0,0,,,,,,,NO_COMMON_COHORT,model and baseline have no successful predictions,NOT_TESTED,paired_observation_bootstrap_mean_absolute_error,1000,30
nrel_comstock,nbeats,17,deterministic_baseline,0.0,unseen_entity,H06_12,0,6,0,0,,,,,,,NO_COMMON_COHORT,model has no successful predictions,NOT_TESTED,paired_observation_bootstrap_mean_absolute_error,1000,30
nrel_comstock,nbeats,29,deterministic_baseline,0.0,unseen_entity,H06_12,0,6,0,0,,,,,,,NO_COMMON_COHORT,model has no successful predictions,NOT_TESTED,paired_observation_bootstrap_mean_absolute_error,1000,30
nrel_comstock,nbeats,43,deterministic_baseline,0.0,unseen_entity,H06_12,0,6,0,0,,,,,,,NO_COMMON_COHORT,model has no successful predictions,NOT_TESTED,paired_observation_bootstrap_mean_absolute_error,1000,30
nrel_comstock,nbeats,17,deterministic_baseline,,unseen_entity,H13_PLUS,0,0,0,0,,,,,,,NO_COMMON_COHORT,model and baseline have no successful predictions,NOT_TESTED,paired_observation_bootstrap_mean_absolute_error,1000,30
nrel_comstock,nbeats,29,deterministic_baseline,,unseen_entity,H13_PLUS,0,0,0,0,,,,,,,NO_COMMON_COHORT,model and baseline have no successful predictions,NOT_TESTED,paired_observation_bootstrap_mean_absolute_error,1000,30
nrel_comstock,nbeats,43,deterministic_baseline,,unseen_entity,H13_PLUS,0,0,0,0,,,,,,,NO_COMMON_COHORT,model and baseline have no successful predictions,NOT_TESTED,paired_observation_bootstrap_mean_absolute_error,1000,30
nrel_comstock,ridge,17,deterministic_baseline,,seen_entity,H00,0,0,0,0,,,,,,,NO_COMMON_COHORT,model and baseline have no successful predictions,NOT_TESTED,paired_observation_bootstrap_mean_absolute_error,1000,30
nrel_comstock,ridge,29,deterministic_baseline,,seen_entity,H00,0,0,0,0,,,,,,,NO_COMMON_COHORT,model and baseline have no successful predictions,NOT_TESTED,paired_observation_bootstrap_mean_absolute_error,1000,30
nrel_comstock,ridge,43,deterministic_baseline,,seen_entity,H00,0,0,0,0,,,,,,,NO_COMMON_COHORT,model and baseline have no successful predictions,NOT_TESTED,paired_observation_bootstrap_mean_absolute_error,1000,30
nrel_comstock,ridge,17,deterministic_baseline,,seen_entity,H01_02,0,0,0,0,,,,,,,NO_COMMON_COHORT,model and baseline have no successful predictions,NOT_TESTED,paired_observation_bootstrap_mean_absolute_error,1000,30
nrel_comstock,ridge,29,deterministic_baseline,,seen_entity,H01_02,0,0,0,0,,,,,,,NO_COMMON_COHORT,model and baseline have no successful predictions,NOT_TESTED,paired_observation_bootstrap_mean_absolute_error,1000,30
nrel_comstock,ridge,43,deterministic_baseline,,seen_entity,H01_02,0,0,0,0,,,,,,,NO_COMMON_COHORT,model and baseline have no successful predictions,NOT_TESTED,paired_observation_bootstrap_mean_absolute_error,1000,30
nrel_comstock,ridge,17,deterministic_baseline,,seen_entity,H03_05,0,0,0,0,,,,,,,NO_COMMON_COHORT,model and baseline have no successful predictions,NOT_TESTED,paired_observation_bootstrap_mean_absolute_error,1000,30
nrel_comstock,ridge,29,deterministic_baseline,,seen_entity,H03_05,0,0,0,0,,,,,,,NO_COMMON_COHORT,model and baseline have no successful predictions,NOT_TESTED,paired_observation_bootstrap_mean_absolute_error,1000,30
nrel_comstock,ridge,43,deterministic_baseline,,seen_entity,H03_05,0,0,0,0,,,,,,,NO_COMMON_COHORT,model and baseline have no successful predictions,NOT_TESTED,paired_observation_bootstrap_mean_absolute_error,1000,30
nrel_comstock,ridge,17,deterministic_baseline,0.0,seen_entity,H06_12,40,40,40,40,6727.154358719612,3945.486667500001,2781.6676912196117,-70.50252416597755,1577.621424487125,4222.606547493672,OK,paired cohort meets minimum sample count,BASELINE_LOWER_MAE,paired_observation_bootstrap_mean_absolute_error,1000,30
nrel_comstock,ridge,29,deterministic_baseline,0.0,seen_entity,H06_12,40,40,40,40,6727.154358719612,3945.486667500001,2781.6676912196117,-70.50252416597755,1574.0457400177713,4150.489820444161,OK,paired cohort meets minimum sample count,BASELINE_LOWER_MAE,paired_observation_bootstrap_mean_absolute_error,1000,30
nrel_comstock,ridge,43,deterministic_baseline,0.0,seen_entity,H06_12,40,40,40,40,6727.154358719612,3945.486667500001,2781.6676912196117,-70.50252416597755,1553.3524306801166,4141.833900641553,OK,paired cohort meets minimum sample count,BASELINE_LOWER_MAE,paired_observation_bootstrap_mean_absolute_error,1000,30
nrel_comstock,ridge,17,deterministic_baseline,,seen_entity,H13_PLUS,0,0,0,0,,,,,,,NO_COMMON_COHORT,model and baseline have no successful predictions,NOT_TESTED,paired_observation_bootstrap_mean_absolute_error,1000,30
nrel_comstock,ridge,29,deterministic_baseline,,seen_entity,H13_PLUS,0,0,0,0,,,,,,,NO_COMMON_COHORT,model and baseline have no successful predictions,NOT_TESTED,paired_observation_bootstrap_mean_absolute_error,1000,30
nrel_comstock,ridge,43,deterministic_baseline,,seen_entity,H13_PLUS,0,0,0,0,,,,,,,NO_COMMON_COHORT,model and baseline have no successful predictions,NOT_TESTED,paired_observation_bootstrap_mean_absolute_error,1000,30
nrel_comstock,ridge,17,deterministic_baseline,,unseen_entity,H00,0,0,0,0,,,,,,,NO_COMMON_COHORT,model and baseline have no successful predictions,NOT_TESTED,paired_observation_bootstrap_mean_absolute_error,1000,30
nrel_comstock,ridge,29,deterministic_baseline,,unseen_entity,H00,0,0,0,0,,,,,,,NO_COMMON_COHORT,model and baseline have no successful predictions,NOT_TESTED,paired_observation_bootstrap_mean_absolute_error,1000,30
nrel_comstock,ridge,43,deterministic_baseline,,unseen_entity,H00,0,0,0,0,,,,,,,NO_COMMON_COHORT,model and baseline have no successful predictions,NOT_TESTED,paired_observation_bootstrap_mean_absolute_error,1000,30
nrel_comstock,ridge,17,deterministic_baseline,,unseen_entity,H01_02,0,0,0,0,,,,,,,NO_COMMON_COHORT,model and baseline have no successful predictions,NOT_TESTED,paired_observation_bootstrap_mean_absolute_error,1000,30
nrel_comstock,ridge,29,deterministic_baseline,,unseen_entity,H01_02,0,0,0,0,,,,,,,NO_COMMON_COHORT,model and baseline have no successful predictions,NOT_TESTED,paired_observation_bootstrap_mean_absolute_error,1000,30
nrel_comstock,ridge,43,deterministic_baseline,,unseen_entity,H01_02,0,0,0,0,,,,,,,NO_COMMON_COHORT,model and baseline have no successful predictions,NOT_TESTED,paired_observation_bootstrap_mean_absolute_error,1000,30
nrel_comstock,ridge,17,deterministic_baseline,,unseen_entity,H03_05,0,0,0,0,,,,,,,NO_COMMON_COHORT,model and baseline have no successful predictions,NOT_TESTED,paired_observation_bootstrap_mean_absolute_error,1000,30
nrel_comstock,ridge,29,deterministic_baseline,,unseen_entity,H03_05,0,0,0,0,,,,,,,NO_COMMON_COHORT,model and baseline have no successful predictions,NOT_TESTED,paired_observation_bootstrap_mean_absolute_error,1000,30
nrel_comstock,ridge,43,deterministic_baseline,,unseen_entity,H03_05,0,0,0,0,,,,,,,NO_COMMON_COHORT,model and baseline have no successful predictions,NOT_TESTED,paired_observation_bootstrap_mean_absolute_error,1000,30
nrel_comstock,ridge,17,deterministic_baseline,0.0,unseen_entity,H06_12,6,6,6,6,9907.524635709611,11486.305733333333,-1578.7810976237222,13.744898788842864,,,INSUFFICIENT_SAMPLE,paired count 6 is below minimum 30,NOT_TESTED,paired_observation_bootstrap_mean_absolute_error,1000,30
nrel_comstock,ridge,29,deterministic_baseline,0.0,unseen_entity,H06_12,6,6,6,6,9907.524635709611,11486.305733333333,-1578.7810976237222,13.744898788842864,,,INSUFFICIENT_SAMPLE,paired count 6 is below minimum 30,NOT_TESTED,paired_observation_bootstrap_mean_absolute_error,1000,30
nrel_comstock,ridge,43,deterministic_baseline,0.0,unseen_entity,H06_12,6,6,6,6,9907.524635709611,11486.305733333333,-1578.7810976237222,13.744898788842864,,,INSUFFICIENT_SAMPLE,paired count 6 is below minimum 30,NOT_TESTED,paired_observation_bootstrap_mean_absolute_error,1000,30
nrel_comstock,ridge,17,deterministic_baseline,,unseen_entity,H13_PLUS,0,0,0,0,,,,,,,NO_COMMON_COHORT,model and baseline have no successful predictions,NOT_TESTED,paired_observation_bootstrap_mean_absolute_error,1000,30
nrel_comstock,ridge,29,deterministic_baseline,,unseen_entity,H13_PLUS,0,0,0,0,,,,,,,NO_COMMON_COHORT,model and baseline have no successful predictions,NOT_TESTED,paired_observation_bootstrap_mean_absolute_error,1000,30
nrel_comstock,ridge,43,deterministic_baseline,,unseen_entity,H13_PLUS,0,0,0,0,,,,,,,NO_COMMON_COHORT,model and baseline have no successful predictions,NOT_TESTED,paired_observation_bootstrap_mean_absolute_error,1000,30
