{
  "model_name": "Ridge Regression",
  "model_version": "Ridge UMKM v1.1",
  "source_model_path": "ML/outputs_umkm/ridge_model.pkl",
  "exported_at": "2026-07-04T07:49:36+00:00",
  "target": "next_month_usage_kwh",
  "feature_order": [
    "business_type_encoded",
    "month",
    "latest_usage_kwh",
    "previous_usage_kwh",
    "avg_3_month_usage_kwh",
    "avg_6_month_usage_kwh",
    "trend_1_month",
    "trend_3_month",
    "month_sin",
    "month_cos",
    "avg_tariff_idr_per_kwh"
  ],
  "intercept": 104.10710307364889,
  "coefficients": [
    13.646472143945566,
    -1.7983517725861613,
    0.8716166973225002,
    0.02552799231344214,
    -0.0691297957710631,
    0.0228489013572503,
    0.36693568253024095,
    -205.95021884390903,
    4.141801853671001,
    -12.866319209021267,
    -1.208858364005224e-22
  ],
  "scaler_mean": null,
  "scaler_scale": null,
  "metrics": {
    "mae_usage_kwh": 177.1367,
    "rmse_usage_kwh": 406.4574,
    "mape_usage_percent": 17.5782,
    "smape_usage_percent": 14.8774,
    "wmape_usage_percent": 16.3158,
    "mae_cost_idr": 255909.4513,
    "rmse_cost_idr": 587208.9612,
    "mape_cost_percent": 17.5782,
    "smape_cost_percent": 14.8774,
    "wmape_cost_percent": 16.3158,
    "training_time_seconds": 0.0134,
    "inference_time_ms": 0.63,
    "notes": "Baseline ML linier."
  },
  "disclaimer": "Hasil ini adalah estimasi, bukan tagihan resmi PLN."
}
